1,작별인사  ,김영하 (지은이) , 복복서가 , 2022년 5월,"14,000원 → 12,600원 (10%할인)"
2,흔한남매 10 ㅣ 흔한남매 10 ,"흔한남매 (지은이), 백난도 (글), 유난희 (그림), 흔한컴퍼니 (감수) ", 미래엔아이세움 , 2022년 4월,"13,500원 → 12,150원 (10%할인)"
3,여학교의 별 2 ,"와야마 야마 (지은이), 현승희 (옮긴이) ", 문학동네 , 2022년 5월,"8,500원 → 7,650원 (10%할인)"
4,둥실이네 떡집 ㅣ 난 책읽기가 좋아  ,"김리리 (지은이), 김이랑 (그림) ", 비룡소 , 2022년 4월,"11,000원 → 9,900원 (10%할인)"
5,애쓰지 않아도  ,"최은영 (지은이), 김세희 (그림) ", 마음산책 , 2022년 4월,"14,500원 → 13,050원 (10%할인)"
6,내가 틀릴 수도 있습니다 ,"비욘 나티코 린데블라드 (지은이), 토마스 산체스 (그림), 박미경 (옮긴이) ", 다산초당(다산북스) , 2022년 4월,"16,000원 → 14,400원 (10%할인)"
7,이상한 과자 가게 전천당 14 ㅣ 이상한 과자 가게 전천당 14 ,"히로시마 레이코 (지은이), 쟈쟈 (그림), 김정화 (옮긴이) ", 길벗스쿨 , 2022년 4월,"12,000원 → 10,800원 (10%할인)"
8,2022 제13회 젊은작가상 수상작품집  ,"임솔아, 김멜라, 김병운, 김지연, 김혜진, 서수진, 서이제 (지은이) ", 문학동네 , 2022년 4월,"7,700원 → 6,930원 (10%할인)"
9,물고기는 존재하지 않는다  ,"룰루 밀러 (지은이), 정지인 (옮긴이) ", 곰출판 , 2021년 12월,"17,000원 → 15,300원 (10%할인)"
10,5년 후 나에게 - Q&A a day (2022 메리골드 Edition) ,"포터 스타일 (지은이), 정지현 (옮긴이) ", 토네이도 , 2021년 11월,"16,800원 → 15,120원 (10%할인)"
11,불편한 편의점 (40만부 기념 벚꽃 에디션) ,김호연 (지은이) , 나무옆의자 , 2021년 4월,"14,000원 → 12,600원 (10%할인)"
12,저주토끼 (리커버)  ,정보라 (지은이) , 아작 , 2022년 4월,"14,800원 → 13,320원 (10%할인)"
13,가라오케 가자!  ,"와야마 야마 (지은이), 현승희 (옮긴이) ", 문학동네 , 2022년 4월,"8,500원 → 7,650원 (10%할인)"
14,"읽는 슬픔, 말하는 사랑  ",황인찬 (지은이) , 안온북스 , 2022년 4월,"16,000원 → 14,400원 (10%할인)"
15,여학교의 별 1 ,"와야마 야마 (지은이), 현승희 (옮긴이) ", 문학동네 , 2022년 1월,"8,500원 → 7,650원 (10%할인)"
16,이것도 산재예요? ,노동건강연대 (지은이) , 보리 , 2022년 5월,"12,000원 → 10,800원 (10%할인)"
17,스파이 패밀리 1 ,엔도 타츠야 (지은이) , 학산문화사(만화) , 2019년 11월,"6,000원 → 5,400원 (10%할인)"
18,노이즈 : 생각의 잡음  ,"대니얼 카너먼, 올리비에 시보니, 캐스 R. 선스타인 (지은이), 장진영 (옮긴이), 안서원 (감수) ", 김영사 , 2022년 4월,"25,000원 → 22,500원 (10%할인)"
19,스파이 패밀리 3 ,엔도 타츠야 (지은이) , 학산문화사(만화) , 2020년 5월,"6,000원 → 5,400원 (10%할인)"
20,스파이 패밀리 2 ,엔도 타츠야 (지은이) , 학산문화사(만화) , 2020년 2월,"6,000원 → 5,400원 (10%할인)"
21,지박소년 하나코 군 17 (특장판) ,"아이다이로 (지은이), 장혜영 (옮긴이) ", 서울미디어코믹스(서울문화사) , 2022년 5월,"6,000원 → 5,400원 (10%할인)"
22,스파이 패밀리 5 ,엔도 타츠야 (지은이) , 학산문화사(만화) , 2020년 12월,"6,000원 → 5,400원 (10%할인)"
23,스파이 패밀리 4 ,엔도 타츠야 (지은이) , 학산문화사(만화) , 2020년 8월,"6,000원 → 5,400원 (10%할인)"
24,나는 대출 없이 0원으로 소형 아파트를 산다 ,잭파시(최경천) (지은이) , 다산북스 , 2022년 4월,"20,000원 → 18,000원 (10%할인)"
25,스파이 패밀리 6 ,엔도 타츠야 (지은이) , 학산문화사(만화) , 2021년 4월,"6,000원 → 5,400원 (10%할인)"
26,스파이 패밀리 8 ,엔도 타츠야 (지은이) , 학산문화사(만화) , 2021년 12월,"6,000원 → 5,400원 (10%할인)"
27,2022 선재국어 실전 봉투 모의고사 2 ㅣ 2022 선재국어 실전 봉투 모의고사 2 ,이선재 (지은이) , 에스티유니타스 , 2022년 4월,"13,000원 → 11,700원 (10%할인)"
28,스파이 패밀리 7 ,엔도 타츠야 (지은이) , 학산문화사(만화) , 2021년 8월,"6,000원 → 5,400원 (10%할인)"
29,미래출현 ,황준원 (지은이) , 파지트 , 2022년 2월,"18,000원 → 16,200원 (10%할인)"
30,이어령의 마지막 수업 ,"김지수 (지은이), 이어령 ", 열림원 , 2021년 10월,"16,500원 → 14,850원 (10%할인)"
31,거의 모든 행동 표현의 영어 ,서영조 (지은이) , 사람in , 2022년 3월,"16,000원 → 14,400원 (10%할인)"
32,시맨틱 에러 대본집 ,제이선 (지은이) , blackD(블랙디) , 2022년 5월,"22,000원 → 19,800원 (10%할인)"
33,놓지 마 과학! 17 ㅣ 놓지 마 과학! 17 ,"신태훈, 나승훈 (지은이), 홍훈기 (감수) ", 위즈덤하우스 , 2022년 5월,"12,000원 → 10,800원 (10%할인)"
34,나의 투자는 새벽 4시에 시작된다 ,유목민 (지은이) , 리더스북 , 2022년 4월,"19,800원 → 17,820원 (10%할인)"
35,이상한 과자 가게 전천당 공식 가이드북 ㅣ 이상한 과자 가게 전천당  ,"히로시마 레이코 (지은이), 쟈쟈 (그림), 김정화 (옮긴이) ", 길벗스쿨 , 2022년 4월,"14,000원 → 12,600원 (10%할인)"
36,채사장의 지대넓얕 3 : 폭력의 시대 ㅣ 생각을 넓혀 주는 어린이 교양 도서  ,"채사장, 마케마케 (지은이), 정용환 (그림) ", 돌핀북 , 2022년 4월,"15,000원 → 13,500원 (10%할인)"
37,길 위에서 쓰는 편지 ,명업식 (엮은이) , arte(아르테) , 2020년 9월,"16,000원 → 14,400원 (10%할인)"
38,도쿄 리벤저스 24 ,와쿠이 켄 (지은이) , 학산문화사(만화) , 2022년 4월,"6,000원 → 5,400원 (10%할인)"
39,어린이라는 세계 (어린이날 100주년 기념 리커버 특별판) ,김소영 (지은이) , 사계절 , 2022년 4월,"15,000원 → 13,500원 (10%할인)"
40,운명을 바꾸는 부동산 투자 수업 : 기초편 ㅣ 운명을 바꾸는 부동산 투자 수업  ,부동산읽어주는남자(정태익) (지은이) , 리더스북 , 2022년 3월,"16,800원 → 15,120원 (10%할인)"
41,해커스 토익 기출 보카 TOEIC VOCA 단어장 ,David Cho (지은이) , 해커스어학연구소(Hackers) , 2019년 1월,"12,900원 → 11,610원 (10%할인)"
42,ETS 토익 정기시험 기출문제집 1000 Vol. 3 Reading (리딩) ㅣ ETS 토익 정기시험 기출문제집  ,ETS (엮은이) , (주)YBM(와이비엠) , 2021년 12월,"17,800원 → 16,020원 (10%할인)"
43,긴긴밤 ㅣ 보름달문고 83 ,루리 (지은이) , 문학동네 , 2021년 2월,"11,500원 → 10,350원 (10%할인)"
44,울고 있는 아이에게 말을 걸면 ,변진경 (지은이) , 아를 , 2022년 5월,"17,000원 → 15,300원 (10%할인)"
45,ETS 토익 정기시험 기출문제집 1000 Vol. 3 Listening (리스닝) ㅣ ETS 토익 정기시험 기출문제집  ,ETS (엮은이) , (주)YBM(와이비엠) , 2021년 12월,"17,800원 → 16,020원 (10%할인)"
46,2023 ACL 강해준 경찰학 단권화노트 2.0 (필다나) ,강해준 (지은이) , 에이씨엘커뮤니케이션 , 2022년 5월,"25,000원 → 22,500원 (10%할인)"
47,브라질에 비가 내리면 스타벅스 주식을 사라 ,"피터 나바로 (지은이), 이창식 (옮긴이), 윤지호 (감수) ", 에프엔미디어 , 2022년 4월,"18,000원 → 16,200원 (10%할인)"
48,기븐 7 ,키즈 나츠키 (지은이) , 현대지능개발사 , 2022년 4월,"6,000원 → 5,400원 (10%할인)"
49,"빠졌어, 너에게 ","와야마 야마 (지은이), 김진희 (옮긴이) ", 문학동네 , 2021년 4월,"8,500원 → 7,650원 (10%할인)"
50,안데르센 메르헨 (어린이날 100주년 기념 특별판) ㅣ 문지아이들  ,"한스 크리스티안 안데르센 (지은이), 니콜라우스 하이델바흐 (그림), 김서정 (옮긴이) ", 문학과지성사 , 2022년 4월,"35,000원 → 31,500원 (10%할인)"
51,무엇이 옳은가 ,"후안 엔리케스 (지은이), 이경식 (옮긴이) ", 세계사 , 2022년 4월,"17,800원 → 16,020원 (10%할인)"
52,웰씽킹 WEALTHINKING (10만 부 기념 한정판 골드 에디션) ,켈리 최 (지은이) , 다산북스 , 2021년 11월,"16,000원 → 14,400원 (10%할인)"
53,꽃샘바람에 흔들린다면 너는 꽃  ,류시화 (지은이) , 수오서재 , 2022년 4월,"13,500원 → 12,150원 (10%할인)"
54,예의 없는 친구들을 대하는 슬기로운 말하기 사전 ㅣ 슬기사전 2 ,"김원아 (지은이), 김소희 (그림) ", 사계절 , 2022년 1월,"13,000원 → 11,700원 (10%할인)"
55,오르막길 ,탁재형 (지은이) , 넥서스BOOKS , 2022년 5월,"28,000원 → 25,200원 (10%할인)"
56,도원암귀 5 ㅣ S코믹스  ,"우루시바라 유라 (지은이), 천선필 (옮긴이) ", ㈜소미미디어 , 2022년 5월,"6,000원 → 5,400원 (10%할인)"
57,게으르다는 착각 ,"데번 프라이스 (지은이), 이현 (옮긴이) ", 웨일북 , 2022년 4월,"18,000원 → 16,200원 (10%할인)"
58,쥬비스 미라클 ,조성경 (지은이) , 쌤앤파커스 , 2022년 3월,"16,000원 → 14,400원 (10%할인)"
59,지리의 힘 2 ㅣ 지리의 힘 2 ,"팀 마샬 (지은이), 김미선 (옮긴이) ", 사이 , 2022년 4월,"23,000원 → 20,700원 (10%할인)"
60,별똥별이 떨어지는 그곳에서 기다려 시즌 2: 1  ,만물상 (지은이) , 재미주의 , 2022년 5월,"15,000원 → 13,500원 (10%할인)"
61,최애의 아이 6 ,"아카사카 아카 (지은이), 요코야리 멘고 (그림) ", 대원씨아이(만화) , 2022년 4월,"6,000원 → 5,400원 (10%할인)"
62,별똥별이 떨어지는 그곳에서 기다려 시즌 2: 2  ,만물상 (지은이) , 재미주의 , 2022년 5월,"15,000원 → 13,500원 (10%할인)"
63,"2022 큰별쌤 최태성의 별★별한국사 한국사능력검정시험 심화(1, 2, 3급) 상 ㅣ 큰별쌤 최태성의 별★별한국사 한국사능력검정시험 시리즈  ",최태성 (지은이) , 이투스북 , 2021년 12월,"15,000원 → 13,500원 (10%할인)"
64,SQL 자격검정 실전문제 ,한국데이터산업진흥원 (지은이) , 한국데이터산업진흥원 , 2020년 5월,"18,000원 → 18,000원"
65,운명을 바꾸는 부동산 투자 수업 : 실전편 ㅣ 운명을 바꾸는 부동산 투자 수업  ,부동산읽어주는남자(정태익) (지은이) , 리더스북 , 2022년 3월,"16,800원 → 15,120원 (10%할인)"
66,마음의 법칙 ,"폴커 키츠, 마누엘 투쉬 (지은이), 김희상 (옮긴이) ", 포레스트북스 , 2022년 2월,"16,000원 → 14,400원 (10%할인)"
67,두근두근 편의점 ㅣ 그림책이 참 좋아 88 ,김영진 (지은이) , 책읽는곰 , 2022년 4월,"14,000원 → 12,600원 (10%할인)"
68,이웃집 백만장자 변하지 않는 부의 법칙 ,"토머스 J. 스탠리, 세라 스탠리 팰로 (지은이), 김미정 (옮긴이) ", 비즈니스북스 , 2019년 12월,"16,800원 → 15,120원 (10%할인)"
69,내가 같이 뛰어내려 줄게 ,씨씨코 (지은이) , 다산북스 , 2022년 3월,"16,000원 → 14,400원 (10%할인)"
70,너의 하늘을 보아  ,박노해 (지은이) , 느린걸음 , 2022년 5월,"19,500원 → 17,550원 (10%할인)"
71,143층 나무 집 ㅣ 456 Book 클럽  ,"앤디 그리피스 (지은이), 테리 덴톤 (그림), 신수진 (옮긴이) ", 시공주니어 , 2022년 3월,"12,000원 → 10,800원 (10%할인)"
72,내 아이를 위한 30일 인문학 글쓰기의 기적 ,김종원 (지은이) , 상상아카데미 , 2022년 4월,"16,000원 → 14,400원 (10%할인)"
73,도쿄 에일리언즈 2 ,"NAOE (지은이), 박소현 (옮긴이) ", 서울미디어코믹스(서울문화사) , 2022년 4월,"5,000원 → 4,500원 (10%할인)"
74,가끔씩 툭하고 러시아어로 부끄러워하는 옆자리의 아랴 양 1 ,"SUN SUN SUN (지은이), 모모코 (그림), 이승원 (옮긴이) ", 디앤씨미디어(주)(D&C미디어) , 2022년 5월,"7,800원 → 7,020원 (10%할인)"
75,경제기사 궁금증 300문 300답 ㅣ 300문 300답  ,곽해선 (지은이) , 혜다 , 2021년 11월,"22,000원 → 19,800원 (10%할인)"
76,얼굴만으론 좋아할 수 없어요 3 ,"안자이 카린 (지은이), 이소연 (옮긴이) ", 서울미디어코믹스(서울문화사) , 2022년 4월,"5,500원 → 4,950원 (10%할인)"
77,오은영의 화해 (리커버) ,오은영 (지은이) , 코리아닷컴(Korea.com) , 2019년 1월,"16,000원 → 14,400원 (10%할인)"
78,"어서 오세요, 휴남동 서점입니다 ",황보름 (지은이) , 클레이하우스 , 2022년 1월,"15,000원 → 13,500원 (10%할인)"
79,2022 ADsP 데이터 분석 준전문가 ,윤종식 (지은이) , 데이터에듀 , 2022년 1월,"28,000원 → 25,200원 (10%할인)"
80,수상한 중고상점 ,"미치오 슈스케 (지은이), 김은모 (옮긴이) ", 놀 , 2022년 4월,"15,000원 → 13,500원 (10%할인)"
81,2022 유휘운 행정법총론 사례형 풀어주는 기출문제집 ,유휘운 (지은이) , 메가스터디교육(공무원) , 2022년 5월,"9,000원 → 8,100원 (10%할인)"
82,"2022 큰별쌤 최태성의 별★별한국사 한국사능력검정시험 심화(1, 2, 3급) 하 ㅣ 큰별쌤 최태성의 별★별한국사 한국사능력검정시험 시리즈  ",최태성 (지은이) , 이투스북 , 2021년 12월,"14,500원 → 13,050원 (10%할인)"
83,"아무튼, 노래 ㅣ 아무튼 시리즈 49 ",이슬아 (지은이) , 위고 , 2022년 4월,"12,000원 → 10,800원 (10%할인)"
84,똥볶이 할멈 3 ㅣ 똥볶이 할멈 3 ,"강효미 (지은이), 김무연 (그림) ", 슈크림북 , 2022년 5월,"12,500원 → 11,250원 (10%할인)"
85,2022 써니 행정법총론 실전동형 모의고사 - 전2권 ,박준철 (지은이) , 지금(도서출판) , 2022년 3월,"10,000원 → 9,000원 (10%할인)"
86,지구가 죽으면 달은 누굴 돌지? ㅣ 문학과지성 시인선 567  ,김혜순 (지은이) , 문학과지성사 , 2022년 4월,"9,000원 → 8,100원 (10%할인)"
87,부자 아빠 가난한 아빠 1 (20주년 특별 기념판)  ,"로버트 기요사키 (지은이), 안진환 (옮긴이) ", 민음인 , 2018년 2월,"15,800원 → 14,220원 (10%할인)"
88,명탐정 코난 : 저스티스 플러스 SDB JUSTICE PLUS ,아오야마 고쇼 (지은이) , 서울미디어코믹스(서울문화사) , 2022년 4월,"9,000원 → 8,100원 (10%할인)"
89,하트 오브 비즈니스 ,"위베르 졸리, 캐롤라인 램버트 (지은이), 엄성수 (옮긴이) ", 상상스퀘어 , 2022년 4월,"17,800원 → 16,020원 (10%할인)"
90,디즈니 기묘한 소원 1 : 새로운 친구들 ㅣ 디즈니 기묘한 소원 1 ,"베라 스트레인지 (지은이), 김미선 (옮긴이) ", 라곰 , 2022년 5월,"13,000원 → 11,700원 (10%할인)"
91,"타시로, 너란 녀석은 2 ","야마다 (지은이), 오하라 (옮긴이) ", 서울미디어코믹스(서울문화사) , 2022년 4월,"5,500원 → 4,950원 (10%할인)"
92,원피스 101  ,오다 에이치로 (지은이) , 대원씨아이(만화) , 2022년 3월,"5,500원 → 4,950원 (10%할인)"
93,테라피스트 ,"B. A. 패리스 (지은이), 박설영 (옮긴이) ", 모모 , 2021년 12월,"16,000원 → 14,400원 (10%할인)"
94,가불 선진국 ,조국 (지은이) , 메디치미디어 , 2022년 3월,"16,000원 → 14,400원 (10%할인)"
95,그림들  ,SUN 도슨트 (지은이) , 나무의마음 , 2022년 3월,"19,800원 → 17,820원 (10%할인)"
96,"외식보다 맛있는 집밥, 명랑쌤 비법 한 그릇 밥과 면 ㅣ 명랑쌤 레시피   ",명랑쌤(이혜원) (지은이) , 레시피팩토리 , 2022년 4월,"14,800원 → 13,320원 (10%할인)"
97,일하면서 성장하고 있습니다  ,박소연 (지은이) , 더퀘스트 , 2022년 4월,"17,000원 → 15,300원 (10%할인)"
98,백광 ,"렌조 미키히코 (지은이), 양윤옥 (옮긴이) ", 모모 , 2022년 2월,"14,500원 → 13,050원 (10%할인)"
99,쓰고 싶다 쓰고 싶지 않다 ,"전고운, 이석원, 이다혜, 이랑, 박정민, 김종관, 백세희, 한은형, 임대형 (지은이) ", 유선사 , 2022년 4월,"15,000원 → 13,500원 (10%할인)"
100,기분을 관리하면 인생이 관리된다 ,김다슬 (지은이) , 클라우디아 , 2022년 4월,"17,600원 → 15,840원 (10%할인)"
101,10배의 법칙  ,"그랜트 카돈 (지은이), 최은아 (옮긴이) ", 부키 , 2022년 3월,"16,800원 → 15,120원 (10%할인)"
102,지구 끝의 온실  ,김초엽 (지은이) , 자이언트북스 , 2021년 8월,"15,000원 → 13,500원 (10%할인)"
103,2022 해커스 GSAT 삼성직무적성검사 실전모의고사 7회분 (수리논리/추리) ,해커스 취업교육연구소 (지은이) , 챔프스터디 , 2022년 1월,"17,900원 → 16,110원 (10%할인)"
104,밝은 밤  ,최은영 (지은이) , 문학동네 , 2021년 7월,"14,500원 → 13,050원 (10%할인)"
105,여름이 온다 ㅣ 비룡소의 그림동화 297  ,이수지 (지은이) , 비룡소 , 2021년 7월,"27,000원 → 24,300원 (10%할인)"
106,보도 섀퍼의 이기는 습관  ,"보도 섀퍼 (지은이), 박성원 (옮긴이) ", 토네이도 , 2022년 3월,"17,000원 → 15,300원 (10%할인)"
107,"아빠, 나 이 결혼 안 할래요 1 (아크릴 스탠드 + 스티커 2장 + 포토카드 1종 + 타로카드 1종 + 엽서 2종 포함 한정판) ","Roal (지은이), 홍희수 (원작), 유리 (각색) ", 씨엔씨레볼루션 , 2022년 4월,"30,000원 → 27,000원 (10%할인)"
108,"아빠, 나 이 결혼 안 할래요 2 (아크릴 스탠드 + 스티커 2장 + 포토카드 1종 + 타로카드 1종 + 엽서 2종 포함 한정판) ","Roal (지은이), 홍희수 (원작), 유리 (각색) ", 씨엔씨레볼루션 , 2022년 4월,"30,000원 → 27,000원 (10%할인)"
109,돈의 심리학 (10만 부 기념 골드 에디션) ,"모건 하우절 (지은이), 이지연 (옮긴이) ", 인플루엔셜(주) , 2021년 1월,"19,800원 → 17,820원 (10%할인)"
110,그리스 로마 신화 28 : 트로이아 여인들의 비극 ㅣ 만화로 읽는 초등 인문학  ,"박시연 (지은이), 최우빈 (그림), 김헌 (감수) ", 아울북 , 2022년 5월,"14,000원 → 12,600원 (10%할인)"
111,2022 심우철 실전동형 모의고사 Season 3 ㅣ 2022 심우철 실전동형 모의고사  ,심우철 (지은이) , 심슨북스 , 2022년 4월,"16,000원 → 14,400원 (10%할인)"
112,어떻게 물리학을 사랑하지 않을 수 있을까? ,"짐 알칼릴리 (지은이), 김성훈 (옮긴이) ", 윌북 , 2022년 5월,"17,800원 → 16,020원 (10%할인)"
113,법 만드는 아이들 ㅣ 아이들 시리즈  ,"옥효진 (지은이), 김미연 (그림) ", 한국경제신문 , 2022년 4월,"14,000원 → 12,600원 (10%할인)"
114,아야카시 트라이앵글 3 ,"야부키 켄타로 (지은이), 도영명 (옮긴이) ", 서울미디어코믹스(서울문화사) , 2022년 4월,"5,500원 → 4,950원 (10%할인)"
115,베르세르크 41 ,미우라 켄타로 (지은이) , 대원씨아이(만화) , 2022년 4월,"6,000원 → 5,400원 (10%할인)"
116,도쿄 에일리언즈 1 ,"NAOE (지은이), 박소현 (옮긴이) ", 서울미디어코믹스(서울문화사) , 2022년 2월,"5,000원 → 4,500원 (10%할인)"
117,나츠메 우인장 27 ,"미도리카와 유키 (지은이), 서현아 (옮긴이) ", 학산문화사(만화) , 2022년 4월,"6,000원 → 5,400원 (10%할인)"
118,오거와 고아들 ,"켈리 반힐 (지은이), 이민희 (옮긴이) ", 양철북 , 2022년 4월,"16,500원 → 14,850원 (10%할인)"
119,나의 아저씨 1~2 세트 - 전2권 ㅣ 인생드라마 작품집 시리즈  ,박해영 (지은이) , 세계사 , 2022년 3월,"49,600원 → 44,640원 (10%할인)"
120,이것은 작은 브랜드를 위한 책 ,이근상 (지은이) , 몽스북 , 2021년 12월,"15,800원 → 14,220원 (10%할인)"
121,오리 부리 이야기 ㅣ 난 책읽기가 좋아  ,"황선애 (지은이), 간장 (그림) ", 비룡소 , 2022년 3월,"11,000원 → 9,900원 (10%할인)"
122,달러구트 꿈 백화점 2 ㅣ 달러구트 꿈 백화점   ,이미예 (지은이) , 팩토리나인 , 2021년 7월,"13,800원 → 12,420원 (10%할인)"
123,설민석의 한국사 대모험 20 ㅣ 설민석의 한국사 대모험 20 ,"설민석, 스토리박스 (지은이), 정현희 (그림), 강석화 (감수) ", 아이휴먼 , 2022년 2월,"12,000원 → 10,800원 (10%할인)"
124,부의 추월차선 (10주년 스페셜 에디션) ,"엠제이 드마코 (지은이), 신소영 (옮긴이) ", 토트 , 2022년 2월,"17,500원 → 15,750원 (10%할인)"
125,달러구트 꿈 백화점 ㅣ 달러구트 꿈 백화점   ,이미예 (지은이) , 팩토리나인 , 2020년 7월,"13,800원 → 12,420원 (10%할인)"
126,하루하루 일기 쓰듯 그리는 사인펜 드로잉  ,수지(허수정) (지은이) , 경향BP , 2019년 11월,"3,600원(82%정가인하) → 3,240원 (10%할인)"
127,진짜 쓰는 실무 엑셀 ㅣ 진짜 쓰는 시리즈  ,오빠두(전진권) (지은이) , 제이펍 , 2022년 2월,"21,000원 → 18,900원 (10%할인)"
128,데일 카네기 자기관리론 ,"데일 카네기 (지은이), 임상훈 (옮긴이) ", 현대지성 , 2021년 1월,"11,500원 → 10,350원 (10%할인)"
129,본격 한중일 세계사 13 ㅣ 본격 한중일 세계사 13 ,굽시니스트 (지은이) , 위즈덤하우스 , 2022년 4월,"14,800원 → 13,320원 (10%할인)"
130,"돈, 뜨겁게 사랑하고 차갑게 다루어라 ㅣ 코스톨라니 투자총서 1  ","앙드레 코스톨라니 (지은이), 한윤진 (옮긴이) ", 미래의창 , 2015년 9월,"12,000원 → 10,800원 (10%할인)"
131,"칵테일, 러브, 좀비 ㅣ 안전가옥 쇼-트 2  ",조예은 (지은이) , 안전가옥 , 2020년 4월,"10,000원 → 9,000원 (10%할인)"
132,시맨틱 에러 포토에세이 ,"왓챠, 래몽래인 (지은이) ", blackD(블랙디) , 2022년 3월,"22,000원 → 19,800원 (10%할인)"
133,배우의 방 ㅣ 자기만의 방  ,정시우 (지은이) , 휴머니스트 , 2022년 4월,"18,000원 → 16,200원 (10%할인)"
134,2022 해커스경찰 조현 경찰학 기출문제집 (경찰공무원) ,조현 (지은이) , 해커스패스 , 2022년 5월,"39,000원 → 35,100원 (10%할인)"
135,H마트에서 울다 ,"미셸 자우너 (지은이), 정혜윤 (옮긴이) ", 문학동네 , 2022년 2월,"16,000원 → 14,400원 (10%할인)"
136,전쟁일기 ,"올가 그레벤니크 (지은이), 정소은 (옮긴이) ", 이야기장수 , 2022년 4월,"12,000원 → 10,800원 (10%할인)"
137,영어 콜로케이션 사전 ,Michihisa Tsukamoto (지은이) , 다락원 , 2016년 10월,"22,000원 → 19,800원 (10%할인)"
138,비밀요원 레너드 11 : 보물섬의 비밀을 밝혀라! ㅣ 비밀요원 레너드 11 ,"박설연 (지은이), 김덕영 (그림) ", 아울북 , 2022년 4월,"12,000원 → 10,800원 (10%할인)"
139,이기적 유전자  ,"리처드 도킨스 (지은이), 홍영남, 이상임 (옮긴이) ", 을유문화사 , 2018년 10월,"20,000원 → 18,000원 (10%할인)"
140,우리는 여전히 삶을 사랑하는가  ,"에리히 프롬 (지은이), 라이너 풍크 (엮은이), 장혜경 (옮긴이) ", 김영사 , 2022년 2월,"15,800원 → 14,220원 (10%할인)"
141,룩 백 ,후지모토 타츠키 (지은이) , 학산문화사(만화) , 2022년 3월,"6,000원 → 5,400원 (10%할인)"
142,멘탈을 바꿔야 인생이 바뀐다 ,박세니 (지은이) , 마인드셋 , 2022년 4월,"15,800원 → 14,220원 (10%할인)"
143,2022 신용한 행정학 실전과 가장 유사한 지방직 9급 대비 모의고사 ,"신용한, SK100수험연구소 (지은이) ", 메가스터디교육(공무원) , 2022년 4월,"12,000원 → 10,800원 (10%할인)"
144,여덟 건의 완벽한 살인 ,"피터 스완슨 (지은이), 노진선 (옮긴이) ", 푸른숲 , 2022년 4월,"15,800원 → 14,220원 (10%할인)"
145,이상한 과자 가게 전천당 13 ㅣ 이상한 과자 가게 전천당 13 ,"히로시마 레이코 (지은이), 쟈쟈 (그림), 김정화 (옮긴이) ", 길벗스쿨 , 2022년 1월,"12,000원 → 10,800원 (10%할인)"
146,지리의 힘 ㅣ 지리의 힘 1  ,"팀 마샬 (지은이), 김미선 (옮긴이) ", 사이 , 2016년 8월,"17,000원 → 15,300원 (10%할인)"
147,괴수 8호 6 (일러스트 카드 2종 + 캐릭터 일러스트 카드 포함 특장판) ,"마츠모토 나오야 (지은이), 유유리 (옮긴이) ", 서울미디어코믹스(서울문화사) , 2022년 4월,"5,500원 → 4,950원 (10%할인)"
148,나는 왜 자꾸 미룰까? ㅣ 나는 왜 시리즈 4 ,"비벌리 K. 베이첼 (지은이), 최설희 (옮긴이) ", 뜨인돌 , 2017년 4월,"12,000원 → 10,800원 (10%할인)"
149,세계를 건너 너에게 갈게 ㅣ 문학동네 청소년 39 ,이꽃님 (지은이) , 문학동네 , 2018년 2월,"11,500원 → 10,350원 (10%할인)"
150,흔한남매 과학 탐험대 4 : 물질 ㅣ 흔한남매 과학 탐험대 4 ,"흔한남매 (원작), 이현진, 닥터 스코 (글), 김덕영 (그림), 최진수 (감수), 정현철, 김희목, 권경아, 최진수 (기획) ", 주니어김영사 , 2022년 2월,"14,000원 → 12,600원 (10%할인)"
151,김학렬의 부동산 투자 절대 원칙 ,김학렬(빠숑) (지은이) , 에프엔미디어 , 2022년 4월,"25,000원 → 22,500원 (10%할인)"
152,고민의 답 ,글배우 (지은이) , 강한별 , 2022년 3월,"15,800원 → 14,220원 (10%할인)"
153,흔한남매 불꽃 튀는 우리말 5 ㅣ 흔한남매 불꽃 튀는 우리말 5 ,"한은호 (지은이), 흔한남매 (원작), 유희석 (그림), 흔한컴퍼니 (감수) ", 다산어린이 , 2022년 3월,"13,000원 → 11,700원 (10%할인)"
154,나의 첫 ETF 포트폴리오 ,송민섭(수페TV) (지은이) , 토네이도 , 2022년 5월,"17,000원 → 15,300원 (10%할인)"
155,타이탄의 도구들 (알라딘 단독 리커버) ,"팀 페리스 (지은이), 박선령, 정지현 (옮긴이) ", 토네이도 , 2021년 7월,"15,000원 → 13,500원 (10%할인)"
156,10대를 위한 정의란 무엇인가  ,"마이클 샌델 (원작), 신현주 (글), 조혜진 (그림), 김선욱 (감수) ", 미래엔아이세움 , 2014년 11월,"12,000원 → 10,800원 (10%할인)"
157,김경일의 지혜로운 인간생활 ,김경일 (지은이) , 저녁달 , 2022년 4월,"17,500원 → 15,750원 (10%할인)"
158,체리새우 : 비밀글입니다 ㅣ 문학동네 청소년 42 ,황영미 (지은이) , 문학동네 , 2019년 1월,"11,500원 → 10,350원 (10%할인)"
159,대박 쉽게 숙제하는 법 ㅣ 난 책읽기가 좋아  ,"천효정 (지은이), 김무연 (그림) ", 비룡소 , 2022년 3월,"10,000원 → 9,000원 (10%할인)"
160,행복하냐는 질문에 대답할 수 없다면 ,"알랭 드 보통, 인생학교 (지은이), 신인수 (옮긴이) ", 미래엔아이세움 , 2022년 3월,"13,000원 → 11,700원 (10%할인)"
161,기억의 뇌과학 ,"리사 제노바 (지은이), 윤승희 (옮긴이) ", 웅진지식하우스 , 2022년 4월,"17,000원 → 15,300원 (10%할인)"
162,어떤 선택의 재검토 ,"말콤 글래드웰 (지은이), 이영래 (옮긴이) ", 김영사 , 2022년 4월,"15,800원 → 14,220원 (10%할인)"
163,2023 ACL 윤우혁 경찰 헌법 기출문제집 ㅣ 2023 ACL 윤우혁 경찰 헌법  ,윤우혁 (지은이) , 에이씨엘커뮤니케이션 , 2022년 4월,"43,000원 → 38,700원 (10%할인)"
164,사피엔스 ㅣ 인류 3부작 시리즈   ,"유발 하라리 (지은이), 조현욱 (옮긴이), 이태수 (감수) ", 김영사 , 2015년 11월,"22,000원 → 19,800원 (10%할인)"
165,2022 큰별쌤 최태성의 별★별한국사 기출 500제 한국사능력검정시험 심화 (1.2.3급) ㅣ 큰별쌤 최태성의 별★별한국사 한국사능력검정시험 시리즈  ,최태성 (지은이) , 이투스북 , 2021년 12월,"19,500원 → 17,550원 (10%할인)"
166,아무도 흔들 수 없는 나라 ,"문재인 (지은이), 대통령 비서실 (엮은이) ", 김영사 , 2022년 3월,"20,000원 → 18,000원 (10%할인)"
167,고양이 해결사 깜냥 4 ㅣ 고양이 해결사 깜냥 4 ,"홍민정 (지은이), 김재희 (그림) ", 창비 , 2022년 1월,"11,000원 → 9,900원 (10%할인)"
168,내가 모르는 사이에 ㅣ 웅진책마을 112 ,"김화요 (지은이), 오윤화 (그림) ", 웅진주니어 , 2021년 6월,"10,000원 → 9,000원 (10%할인)"
169,달콩이네 떡집 ㅣ 난 책읽기가 좋아  ,"김리리 (지은이), 김이랑 (그림) ", 비룡소 , 2021년 12월,"11,000원 → 9,900원 (10%할인)"
170,뭐든 해 봐요 ,김동현 (지은이) , 콘택트 , 2022년 4월,"15,000원 → 13,500원 (10%할인)"
171,어떻게 말해줘야 할까 ,"오은영 (지은이), 차상미 (그림) ", 김영사 , 2020년 10월,"17,500원 → 15,750원 (10%할인)"
172,놓아주는 엄마 주도하는 아이 ,"윌리엄 스틱스러드, 네드 존슨 (지은이), 이영래 (옮긴이) ", 쌤앤파커스 , 2022년 3월,"17,500원 → 15,750원 (10%할인)"
173,나는 나를 지켜요 ㅣ 피카습관시리즈  ,"다카하마 마사노부 (지은이), 하야시 유미 (그림), 김보혜 (옮긴이) ", FIKAJUNIOR(피카주니어) , 2022년 4월,"15,000원 → 13,500원 (10%할인)"
174,위기주도학습법 ,임현서 (지은이) , 스튜디오오드리 , 2022년 3월,"14,000원 → 12,600원 (10%할인)"
175,나는 3학년 2반 7번 애벌레 ㅣ 첫 읽기책 8 ,"김원아 (지은이), 이주희 (그림) ", 창비 , 2016년 3월,"9,000원 → 8,100원 (10%할인)"
176,시맨틱 에러 1~2 세트 (시즌 1) - 전2권  ,"엔지 (지은이), 저수리 (원작) ", blackD(블랙디) , 2022년 5월,"54,000원 → 48,600원 (10%할인)"
177,흔한남매 9 ㅣ 흔한남매 9 ,"흔한남매 (지은이), 백난도 (글), 유난희 (그림), 흔한컴퍼니 (감수) ", 미래엔아이세움 , 2021년 12월,"13,500원 → 12,150원 (10%할인)"
178,부동산 절세의 기술 ,"김동우, 최왕규 (지은이), 송희창(송사무장) (감수) ", 지혜로 , 2022년 4월,"19,000원 → 17,100원 (10%할인)"
179,모든 사람에게 사랑받을 필요는 없다 ,이평 (지은이) , 스튜디오오드리 , 2022년 3월,"15,000원 → 13,500원 (10%할인)"
180,파이어 FIRE  ,강환국 (지은이) , 페이지2(page2) , 2022년 4월,"18,000원 → 16,200원 (10%할인)"
181,극주부도 8 (소책자 52p 포함 한정판) ,오노 코스케 (지은이) , 학산문화사(만화) , 2022년 5월,"9,000원 → 8,100원 (10%할인)"
182,마스터의 제자 ,"피터 마운트 샤스타 (지은이), 이상범, 김성희, 배민경 (옮긴이) ", 정신세계사 , 2022년 4월,"30,000원 → 27,000원 (10%할인)"
183,데일 카네기 인간관계론 ,"데일 카네기 (지은이), 임상훈 (옮긴이) ", 현대지성 , 2019년 10월,"11,500원 → 10,350원 (10%할인)"
184,친구의 전설 ㅣ 웅진 모두의 그림책 42  ,이지은 (지은이) , 웅진주니어 , 2021년 6월,"14,000원 → 12,600원 (10%할인)"
185,2022 이동기 영어 실전동형 모의고사 Vol.2 - 전2권 ㅣ 2022 이동기 영어 실전동형 모의고사 2 ,이동기 (지은이) , 에스티유니타스 , 2022년 4월,"17,000원 → 15,300원 (10%할인)"
186,책의 엔딩 크레딧 ,"안도 유스케 (지은이), 이규원 (옮긴이) ", 북스피어 , 2022년 4월,"16,800원 → 15,120원 (10%할인)"
187,"타시로, 너란 녀석은 1 ","야마다 (지은이), 김명은 (옮긴이) ", 서울미디어코믹스(서울문화사) , 2020년 7월,"5,500원 → 4,950원 (10%할인)"
188,2023 ACL 김중근 형사법 문제집 : 형법 OX 편 - 전2권 ㅣ 2023 ACL 김중근 형사법 문제집  ,김중근 (지은이) , 에이씨엘커뮤니케이션 , 2022년 4월,"53,000원 → 47,700원 (10%할인)"
189,2022 해커스 GSAT 삼성직무적성검사 FINAL 봉투모의고사 4회 ,해커스 취업교육연구소 (지은이) , 챔프스터디 , 2022년 2월,"14,900원 → 13,410원 (10%할인)"
190,안기고 싶은 남자 1위에게 협박당하고 있습니다 8 ,사쿠라비 하시고 (지은이) , 현대지능개발사 , 2022년 3월,"5,500원 → 4,950원 (10%할인)"
191,미드나잇 라이브러리 (1주년 스페셜 에디션) ,"매트 헤이그 (지은이), 노진선 (옮긴이) ", 인플루엔셜(주) , 2021년 4월,"15,800원 → 14,220원 (10%할인)"
192,"오늘 밤, 세계에서 이 사랑이 사라진다 해도 ","이치조 미사키 (지은이), 권영주 (옮긴이) ", 모모 , 2021년 6월,"14,000원 → 12,600원 (10%할인)"
193,흔한남매 오해요 ,"흔한남매 (원작), 백난도 (글), 유난희 (그림), 흔한컴퍼니 (감수) ", 미래엔아이세움 , 2022년 3월,"13,500원 → 12,150원 (10%할인)"
194,귀엽다는 말 들은 적 없어!! 2 ,하루후지 나카바 (지은이) , 대원씨아이(만화) , 2022년 4월,"5,000원 → 4,500원 (10%할인)"
195,코스모스 ,"칼 세이건 (지은이), 홍승수 (옮긴이) ", 사이언스북스 , 2006년 12월,"18,500원 → 16,650원 (10%할인)"
196,백년 허리 2 : 치료편 ㅣ 백년 허리 2  ,정선근 (지은이) , 언탱글링 , 2021년 5월,"18,500원 → 16,650원 (10%할인)"
197,레버리지 (양장) ,"롭 무어 (지은이), 김유미 (옮긴이) ", 다산북스 , 2019년 6월,"16,000원 → 14,400원 (10%할인)"
198,Re : 제로부터 시작하는 이세계 생활 28 ,"나가츠키 탓페이 (지은이), 오츠카 신이치로 (그림), 정홍식 (옮긴이) ", 영상출판미디어(주) , 2022년 5월,"7,500원 → 6,750원 (10%할인)"
199,지금의 나로 충분하다 ,이소은 (지은이) , 수오서재 , 2022년 3월,"15,800원 → 14,220원 (10%할인)"
200,2022 해커스경찰 갓대환 형사법 핵심요약집 형법 및 형사소송법 (경찰공무원) ,김대환 (지은이) , 해커스패스 , 2022년 3월,"39,000원 → 35,100원 (10%할인)"
201,면접을 위한 CS 전공지식 노트 ,주홍철 (지은이) , 길벗 , 2022년 4월,"24,000원 → 21,600원 (10%할인)"
202,우리가 빛의 속도로 갈 수 없다면  ,김초엽 (지은이) , 허블 , 2019년 6월,"14,000원 → 12,600원 (10%할인)"
203,위대한 국민의 나라 ,문재인 대통령 비서실 (지은이) , 한즈미디어(한스미디어) , 2022년 4월,"20,000원 → 18,000원 (10%할인)"
204,"괴롭히지 말아요, 나가토로 양 12 ㅣ S코믹스  ","나나시 (지은이), 박소현 (옮긴이) ", ㈜소미미디어 , 2022년 5월,"5,000원 → 4,500원 (10%할인)"
205,2023 ACL 김중근 형사법 문제집 : 수사.증거 OX 편 ㅣ 2023 ACL 김중근 형사법 문제집  ,김중근 (지은이) , 에이씨엘커뮤니케이션 , 2022년 4월,"18,000원 → 16,200원 (10%할인)"
206,2022 해커스 국민건강보험공단 NCS + 법률 봉투모의고사 4+4회 ,해커스 취업교육연구소 (지은이) , 해커스공기업 , 2022년 3월,"13,900원 → 12,510원 (10%할인)"
207,일 잘하는 사람의 시간은 다르게 흘러간다  ,이윤규 (지은이) , 위즈덤하우스 , 2022년 4월,"16,000원 → 14,400원 (10%할인)"
208,꽤 괜찮은 해피엔딩 ,이지선 (지은이) , 문학동네 , 2022년 4월,"14,000원 → 12,600원 (10%할인)"
209,해커스 토익 RC 리딩 READING ㅣ 해커스 토익 기본서  ,David Cho (지은이) , 해커스어학연구소(Hackers) , 2020년 1월,"18,800원 → 16,920원 (10%할인)"
210,보도 섀퍼의 돈  ,"보도 섀퍼 (지은이), 이병서 (옮긴이) ", 에포케 , 2011년 5월,"14,000원 → 12,600원 (10%할인)"
211,잘 살아라 그게 최고의 복수다 ,권민창 (지은이) , 마인드셋 , 2022년 1월,"15,000원 → 13,500원 (10%할인)"
212,우리는 모두 각자의 별에서 빛난다 ,이광형 (지은이) , 인플루엔셜(주) , 2022년 4월,"16,500원 → 14,850원 (10%할인)"
213,누구에게도 상처받을 필요는 없다 ,지민석 (지은이) , 스튜디오오드리 , 2022년 4월,"14,000원 → 12,600원 (10%할인)"
214,교양이 쌓일 만두 하지? ,팀 교양만두 (지은이) , 다산북스 , 2022년 4월,"17,000원 → 15,300원 (10%할인)"
215,나보코프의 러시아 문학 강의  ,"블라디미르 나보코프 (지은이), 이혜승 (옮긴이) ", 을유문화사 , 2022년 4월,"30,000원 → 27,000원 (10%할인)"
216,푸른 사자 와니니 ㅣ 창비아동문고 280 ,"이현 (지은이), 오윤화 (그림) ", 창비 , 2015년 6월,"10,800원 → 9,720원 (10%할인)"
217,고양이 해결사 깜냥 1 ㅣ 고양이 해결사 깜냥 1  ,"홍민정 (지은이), 김재희 (그림) ", 창비 , 2020년 3월,"11,000원 → 9,900원 (10%할인)"
218,2022 선재국어 실전 봉투 모의고사 1 ㅣ 2022 선재국어 실전 봉투 모의고사 1 ,이선재 (지은이) , 에스티유니타스 , 2022년 2월,"13,000원 → 11,700원 (10%할인)"
219,따라 하면 무조건 돈 버는 실전 부동산 경매 ,"유근용, 정민우 (지은이) ", 비즈니스북스 , 2022년 3월,"22,000원 → 19,800원 (10%할인)"
220,현명한 반도체 투자 ,우황제 (지은이) , 이레미디어 , 2022년 4월,"19,500원 → 17,550원 (10%할인)"
221,잊었던 용기 ,휘리 (지은이) , 창비 , 2022년 4월,"14,000원 → 12,600원 (10%할인)"
222,"아티스트 웨이, 마음의 소리를 듣는 시간 ","줄리아 캐머런 (지은이), 이상원 (옮긴이) ", 비즈니스북스 , 2022년 4월,"16,000원 → 14,400원 (10%할인)"
223,2022 김중규 선행정학 ALL PASS 모의고사 지방.서울 9급 ㅣ 2022 김중규 선행정학 ALL PASS 모의고사  ,김중규 (지은이) , 카스파(주) , 2022년 4월,"16,000원 → 14,400원 (10%할인)"
224,도쿄 리벤저스 23 ,와쿠이 켄 (지은이) , 학산문화사(만화) , 2022년 3월,"6,000원 → 5,400원 (10%할인)"
225,나에게 고맙다 ,전승환 (지은이) , 북로망스 , 2022년 2월,"16,000원 → 14,400원 (10%할인)"
226,나는 약속을 지켜요 ㅣ 피카습관시리즈  ,"다카하마 마사노부 (지은이), 하야시 유미 (그림), 김보혜 (옮긴이) ", FIKAJUNIOR(피카주니어) , 2021년 8월,"15,000원 → 13,500원 (10%할인)"
227,낯선 사람에게 말 걸기 ,"폴 오스터 (지은이), 김석희, 민승남, 이종인, 황보석 (옮긴이) ", 열린책들 , 2022년 4월,"17,800원 → 16,020원 (10%할인)"
228,도쿄 에일리언즈 2 (초판 한정 양면 캐릭터 일러스트 카드 + 선착순 한정 아크릴 일러스트 카드 포함 특장판) ,"NAOE (지은이), 박소현 (옮긴이) ", 서울미디어코믹스(서울문화사) , 2022년 4월,"5,000원 → 4,500원 (10%할인)"
229,픽사 스토리텔링 ,"매튜 룬 (지은이), 박여진 (옮긴이) ", 현대지성 , 2022년 1월,"15,000원 → 13,500원 (10%할인)"
230,"사쿠라, 사쿠. 2 ","사키사카 이오 (지은이), 장혜영 (옮긴이) ", 서울미디어코믹스(서울문화사) , 2022년 5월,"6,000원 → 5,400원 (10%할인)"
231,대디북과 마미북 세트 - 전2권 ㅣ 패밀리 힐링북 시리즈  ,"세상에 하나뿐인 우리엄마, 세상에 하나뿐인 우리아빠 (지은이) ", 이노버코리아 , 2014년 9월,"33,000원 → 29,700원 (10%할인)"
232,게으른 뇌에 행동 스위치를 켜라 ,"오히라 노부타카 (지은이), 오정화 (옮긴이) ", 밀리언서재 , 2022년 4월,"15,000원 → 13,500원 (10%할인)"
233,다르게 살기 위해 버렸습니다  ,심지은 (지은이) , 경향BP , 2019년 12월,"3,600원(73%정가인하) → 3,240원 (10%할인)"
234,아몬드 (양장)  ,손원평 (지은이) , 창비 , 2017년 3월,"12,000원 → 10,800원 (10%할인)"
235,보이지 않는 곳에서 애쓰고 있는 너에게 ,최대호 (지은이) , 떠오름 , 2021년 12월,"10,800원 → 9,720원 (10%할인)"
236,"지구는 괜찮아, 우리가 문제지 ",곽재식 (지은이) , 어크로스 , 2022년 2월,"18,800원 → 16,920원 (10%할인)"
237,삼백이의 칠일장 (합본 양장 특별판) ,"천효정 (지은이), 최미란 (그림) ", 문학동네 , 2022년 4월,"17,000원 → 15,300원 (10%할인)"
238,알사탕 ㅣ 그림책이 참 좋아 39  ,백희나 (지은이) , 책읽는곰 , 2017년 3월,"12,000원 → 10,800원 (10%할인)"
239,채소 마스터 클래스  ,"백지혜 (지은이), 정멜멜 (사진) ", 세미콜론 , 2022년 2월,"23,000원 → 20,700원 (10%할인)"
240,ETS 토익 정기시험 기출문제집 1000 Vol. 2 Reading (리딩) ㅣ ETS 토익 정기시험 기출문제집  ,ETS (엮은이) , (주)YBM(와이비엠) , 2019년 12월,"17,800원 → 16,020원 (10%할인)"
241,채사장의 지대넓얕 2 : 자본이라는 신 ㅣ 생각을 넓혀 주는 어린이 교양 도서  ,"채사장, 마케마케 (지은이), 정용환 (그림) ", 돌핀북 , 2022년 1월,"14,000원 → 12,600원 (10%할인)"
242,도파민네이션 ,"애나 렘키 (지은이), 김두완 (옮긴이) ", 흐름출판 , 2022년 3월,"18,000원 → 16,200원 (10%할인)"
243,만추 여관 2 ,박영 (지은이) , 영컴(YOUNG COM) , 2022년 4월,"10,000원 → 9,000원 (10%할인)"
244,아몬드 (반양장) ㅣ 창비청소년문학 78 ,손원평 (지은이) , 창비 , 2017년 3월,"10,000원 → 9,000원 (10%할인)"
245,아홉 살 마음 사전 ㅣ 아홉 살 사전  ,"박성우 (지은이), 김효은 (그림) ", 창비 , 2017년 3월,"11,000원 → 9,900원 (10%할인)"
246,3월의 라이온 16  ,"우미노 치카 (지은이), 서현아 (옮긴이) ", 시리얼(학산문화사) , 2022년 4월,"8,000원 → 7,200원 (10%할인)"
247,마음버스 ㅣ 바람 그림책 122 ,"김유 (지은이), 소복이 (그림) ", 천개의바람 , 2022년 3월,"13,000원 → 11,700원 (10%할인)"
248,시점의 힘 ㅣ 내 글이 작품이 되는 법  ,"샌드라 거스 (지은이), 지여울 (옮긴이) ", 윌북 , 2022년 4월,"13,800원 → 12,420원 (10%할인)"
249,2022 문동균 한국사 실전 봉투 모의고사 ,문동균 (지은이) , 에스티유니타스 , 2022년 4월,"8,500원 → 7,650원 (10%할인)"
250,내일은 실험왕 시즌 2 : 3 ㅣ 내일은 실험왕 시즌 2 3 ,"스토리 a. (지은이), 홍종현 (그림), 박완규, 이정모 (감수) ", 미래엔아이세움 , 2022년 4월,"14,500원 → 13,050원 (10%할인)"
251,어린 새 ,"김현성 (지은이), 용달 (그림) ", 책고래 , 2022년 4월,"18,000원 → 16,200원 (10%할인)"
252,백년 허리 1 : 진단편 ㅣ 백년 허리 1  ,정선근 (지은이) , 언탱글링 , 2021년 4월,"18,500원 → 16,650원 (10%할인)"
253,주식 멘토 김현구의 주식 잘 사고 잘 파는 법 ,김현구 (지은이) , 메이트북스 , 2022년 4월,"19,000원 → 17,100원 (10%할인)"
254,나를 살리는 논어 한마디 ,"판덩 (지은이), 이서연 (옮긴이) ", 미디어숲 , 2022년 5월,"17,800원 → 16,020원 (10%할인)"
255,흔한남매의 흔한 호기심 5 ㅣ 흔한남매  ,"안치현 (지은이), 흔한남매 (원작), 유난희 (그림), 이정모, 흔한컴퍼니 (감수) ", 미래엔아이세움 , 2022년 1월,"13,000원 → 11,700원 (10%할인)"
256,마음에 없는 소리  ,김지연 (지은이) , 문학동네 , 2022년 3월,"14,500원 → 13,050원 (10%할인)"
257,도시가스 ㅣ 문학과지성 시인선 566  ,이수명 (지은이) , 문학과지성사 , 2022년 4월,"9,000원 → 8,100원 (10%할인)"
258,사사키와 미야노 7 ,하루소노 쇼 (지은이) , 대원씨아이(만화) , 2022년 4월,"5,000원 → 4,500원 (10%할인)"
259,예술가의 서재 ,"니나 프루덴버거 (지은이), 노유연 (옮긴이) ", 한길사 , 2022년 4월,"33,000원 → 29,700원 (10%할인)"
260,만복이네 떡집 ㅣ 난 책읽기가 좋아  ,"김리리 (지은이), 이승현 (그림) ", 비룡소 , 2010년 5월,"11,000원 → 9,900원 (10%할인)"
261,김락희의 인체 드로잉 ,"김락희 (지은이), 윤관현 (감수) ", 성안당 , 2019년 11월,"35,000원 → 31,500원 (10%할인)"
262,숲속의 담 3 ,다홍 (지은이) , 에이템포미디어 , 2022년 4월,"15,000원 → 13,500원 (10%할인)"
263,슈퍼 러버즈 13 ,"아베 미유키 (지은이), 정효진 (옮긴이) ", 서울미디어코믹스(서울문화사) , 2022년 4월,"5,000원 → 4,500원 (10%할인)"
264,귀엽다는 말 들은 적 없어!! 1 ,하루후지 나카바 (지은이) , 대원씨아이(만화) , 2022년 3월,"5,000원 → 4,500원 (10%할인)"
265,쿠키런 서바이벌 대작전 42 : 쿠키들의 흔적 ㅣ 쿠키런 서바이벌 대작전 42 ,"김강현 (지은이), 김기수 (그림) ", 서울문화사 , 2022년 4월,"12,000원 → 10,800원 (10%할인)"
266,돈의 속성 (200쇄 기념 개정 증보판/양장본)  ,김승호 (지은이) , 스노우폭스북스 , 2020년 6월,"17,800원 → 16,020원 (10%할인)"
267,인간 실격 ㅣ 민음사 세계문학전집 103 ,"다자이 오사무 (지은이), 김춘미 (옮긴이) ", 민음사 , 2004년 5월,"9,000원 → 8,100원 (10%할인)"
268,다산의 마지막 질문 ㅣ 다산의 마지막 시리즈   ,조윤제 (지은이) , 청림출판 , 2022년 3월,"17,000원 → 15,300원 (10%할인)"
269,설민석의 세계사 대모험 12 ㅣ 설민석의 세계사 대모험 12 ,"설민석, 김정욱 (지은이), 박성일 (그림), 원태준 (감수) ", 단꿈아이 , 2022년 3월,"12,000원 → 10,800원 (10%할인)"
270,농부 달력 ㅣ 웅진 모두의 그림책 44 ,김선진 (지은이) , 웅진주니어 , 2022년 3월,"14,000원 → 12,600원 (10%할인)"
271,나답게 일한다는 것 ,최명화 (지은이) , 인플루엔셜(주) , 2022년 3월,"15,500원 → 13,950원 (10%할인)"
272,저 별은 모두 당신을 위해 빛나고 있다 ,손힘찬(오가타 마리토) (지은이) , RISE(떠오름) , 2022년 4월,"15,200원 → 13,680원 (10%할인)"
273,디즈니 기묘한 소원 2 : 최고의 아이 ㅣ 디즈니 기묘한 소원 2 ,"베라 스트레인지 (지은이), 이윤정 (옮긴이) ", 라곰 , 2022년 5월,"13,000원 → 11,700원 (10%할인)"
274,에그박사 6 ㅣ 에그박사 6 ,"에그박사 (지은이), 박송이 (글), 홍종현 (그림), 장민호 (감수) ", 미래엔아이세움 , 2022년 3월,"13,500원 → 12,150원 (10%할인)"
275,열혈강호 85 ,"전극진 (글), 양재현 (그림) ", 대원씨아이(만화) , 2022년 3월,"5,500원 → 4,950원 (10%할인)"
276,5번 레인 ㅣ 보름달문고 82 ,"은소홀 (지은이), 노인경 (그림) ", 문학동네 , 2020년 9월,"12,500원 → 11,250원 (10%할인)"
277,담을 넘은 아이 ㅣ 일공일삼 51  ,"김정민 (지은이), 이영환 (그림) ", 비룡소 , 2019년 7월,"11,000원 → 9,900원 (10%할인)"
278,귀신 선생님과 또 다른 세계 ,남동윤 (지은이) , 사계절 , 2022년 5월,"15,000원 → 13,500원 (10%할인)"
279,2022 에듀윌 취업 GSAT 온라인 삼성직무적성검사 실전 봉투모의고사 8회 ,에듀윌 취업연구소 (지은이) , 에듀윌 , 2022년 1월,"17,000원 → 15,300원 (10%할인)"
280,친구 여동생이 나한테만 짜증나게 군다 6 ,"미카와 고스트 (지은이), 토마리 (그림), 이승원 (옮긴이) ", 디앤씨미디어(주)(D&C미디어) , 2022년 5월,"7,800원 → 7,020원 (10%할인)"
281,괴물 이야기 14 ,"오구레 이토 (지은이), 니시오 이신 (원작), VOFAN (그림) ", 학산문화사(만화) , 2022년 4월,"7,000원 → 6,300원 (10%할인)"
282,순례 주택 ㅣ 블루픽션 (비룡소 청소년 문학선) 81 ,유은실 (지은이) , 비룡소 , 2021년 3월,"13,000원 → 11,700원 (10%할인)"
283,씨앗을 뿌리는 사람의 우화 ㅣ 비채 모던 앤 클래식 문학 Modern & Classic  ,"옥타비아 버틀러 (지은이), 장성주 (옮긴이) ", 비채 , 2022년 4월,"16,800원 → 15,120원 (10%할인)"
284,우리말 어휘력 사전 ㅣ 관점 있는 사전  ,박영수 (지은이) , 유유 , 2022년 3월,"17,000원 → 15,300원 (10%할인)"
285,설민석의 한국사 대모험 19 ㅣ 설민석의 한국사 대모험 19 ,"설민석, 스토리박스 (지은이), 정현희 (그림), 강석화 (감수) ", 아이휴먼 , 2021년 12월,"12,000원 → 10,800원 (10%할인)"
286,오월의 달리기 ㅣ 푸른숲 역사 동화 7 ,"김해원 (지은이), 홍정선 (그림), 전국초등사회교과모임 (감수) ", 푸른숲주니어 , 2013년 5월,"11,000원 → 9,900원 (10%할인)"
287,2022 써니 행정법총론 단원별 모의고사 - 전2권 ,박준철 (지은이) , 에스티유니타스 , 2022년 2월,"21,000원 → 18,900원 (10%할인)"
288,가장 외로운 선택 ,"김현수, 이현정, 장숙랑, 이기연, 주지영, 박건우 (지은이) ", 북하우스 , 2022년 4월,"16,000원 → 14,400원 (10%할인)"
289,2022 민경애 공중보건 기출문제뽀개기 ㅣ 2022 민경애 기출문제뽀개기  ,"민경애, 김철규 (지은이) ", 스쿠리지 , 2022년 2월,"34,000원 → 30,600원 (10%할인)"
290,영국의 집  ,"야마다 가요코 (지은이), 이지호 (옮긴이) ", 한즈미디어(한스미디어) , 2022년 4월,"20,000원 → 18,000원 (10%할인)"
291,"소크라테스 익스프레스 (25만 부 기념 봄 에디션, 양장) ","에릭 와이너 (지은이), 김하현 (옮긴이) ", 어크로스 , 2022년 3월,"18,000원 → 16,200원 (10%할인)"
292,ETS 토익 기출 VOCA 출제기관 공식수험서 ,ETS (지은이) , (주)YBM(와이비엠) , 2018년 6월,"12,900원 → 11,610원 (10%할인)"
293,마지막 몰입 ,"짐 퀵 (지은이), 김미정 (옮긴이) ", 비즈니스북스 , 2021년 2월,"16,800원 → 15,120원 (10%할인)"
294,"아무튼, 피아노 ㅣ 아무튼 시리즈 48 ",김겨울 (지은이) , 제철소 , 2022년 3월,"12,000원 → 10,800원 (10%할인)"
295,심리학으로 읽는 그리스 신화 ,김상준 (지은이) , 보아스 , 2016년 3월,"14,000원 → 12,600원 (10%할인)"
296,2022 최신판 위포트 국민건강보험공단 NCS 실전 봉투모의고사 (NCS+ 법률) ,위포트 연구소 (지은이) , 위포트 , 2022년 3월,"14,800원 → 13,320원 (10%할인)"
297,공정하다는 착각 (특별 양장본) ,"마이클 샌델 (지은이), 함규진 (옮긴이) ", 와이즈베리 , 2020년 12월,"18,000원 → 16,200원 (10%할인)"
298,돈으로 살 수 없는 것들  ,"마이클 샌델 (지은이), 안기순 (옮긴이), 김선욱 (감수) ", 와이즈베리 , 2012년 4월,"16,000원 → 14,400원 (10%할인)"
299,"인종, 국민, 계급 ㅣ 접경인문학 이론총서 1 ","에티엔 발리바르, 이매뉴얼 월러스틴 (지은이), 김상운 (옮긴이) ", 두번째테제 , 2022년 4월,"25,000원 → 22,500원 (10%할인)"
300,믹스 MIX 18  ,"아다치 미츠루 (지은이), 강동욱 (옮긴이) ", 대원씨아이(만화) , 2022년 4월,"5,500원 → 4,950원 (10%할인)"
301,2022 권규호 국어 수능형 공무원 모의고사 2 ㅣ 2022 권규호 국어 수능형 공무원 모의고사 2 ,권규호 (지은이) , 권규호언어연구실 , 2022년 3월,"15,000원 → 13,500원 (10%할인)"
302,시스템 에러 ,"롭 라이히, 메흐란 사하미, 제러미 M. 와인스타인 (지은이), 이영래 (옮긴이) ", 어크로스 , 2022년 4월,"19,800원 → 17,820원 (10%할인)"
303,오토 워 ,자동차미생 (지은이) , 이레미디어 , 2022년 5월,"17,000원 → 15,300원 (10%할인)"
304,죽이고 싶은 아이 ,이꽃님 (지은이) , 우리학교 , 2021년 6월,"12,500원 → 11,250원 (10%할인)"
305,세금 내는 아이들 ㅣ 아이들 시리즈  ,"옥효진 (지은이), 김미연 (그림) ", 한국경제신문 , 2021년 6월,"14,000원 → 12,600원 (10%할인)"
306,2022 주택과 세금 ,국세청 부동산납세과 (지은이) , DTW(더존테크윌) , 2022년 3월,"7,000원 → 7,000원"
307,레꼴케이쿠 쿠키 북 ㅣ 레꼴케이쿠 과자 수업 2  ,김다은 (지은이) , 더테이블 , 2022년 4월,"24,000원 → 21,600원 (10%할인)"
308,2022 최신판 에듀윌 공기업 국민건강보험공단 NCS + 법률 봉투모의고사 4 + 3회 ,에듀윌 취업연구소 (지은이) , 에듀윌 , 2022년 2월,"14,000원 → 12,600원 (10%할인)"
309,이상한 과자 가게 전천당 1 ㅣ 이상한 과자 가게 전천당 1 ,"히로시마 레이코 (지은이), 쟈쟈 (그림), 김정화 (옮긴이) ", 길벗스쿨 , 2019년 7월,"12,000원 → 10,800원 (10%할인)"
310,주식투자 절대 원칙  ,주식농부 박영옥 (지은이) , 센시오 , 2021년 11월,"17,000원 → 15,300원 (10%할인)"
311,고양이 해결사 깜냥 2 ㅣ 고양이 해결사 깜냥 2 ,"홍민정 (지은이), 김재희 (그림) ", 창비 , 2020년 10월,"11,000원 → 9,900원 (10%할인)"
312,2022 선재국어 나침판 기출 변형 모의고사 ㅣ 2022 선재국어  ,이선재 (지은이) , 에스티유니타스 , 2022년 1월,"21,000원 → 18,900원 (10%할인)"
313,훌훌 ㅣ 문학동네 청소년 57 ,문경민 (지은이) , 문학동네 , 2022년 2월,"12,500원 → 11,250원 (10%할인)"
314,보이지 않는 중국 ,"스콧 로젤, 내털리 헬 (지은이), 박민희 (옮긴이) ", 롤러코스터 , 2022년 4월,"18,000원 → 16,200원 (10%할인)"
315,싫은 채로 있게 해줘 3 ,히지키 (지은이) , 현대지능개발사 , 2022년 4월,"5,500원 → 4,950원 (10%할인)"
316,소년이 온다  ,한강 (지은이) , 창비 , 2014년 5월,"14,000원 → 12,600원 (10%할인)"
317,2022 수제비 정보처리기사 실기 1권+2권 합본세트 ㅣ 2022 수제비 정보처리기사/정보처리산업기사  ,NCS 정보처리기술사 연구회 (지은이) , 건기원 , 2022년 1월,"35,000원 → 31,500원 (10%할인)"
318,2022 문동균 한국사 D-30 문단속 모의고사 ,문동균 (지은이) , 에스티유니타스 , 2022년 2월,"14,000원 → 12,600원 (10%할인)"
319,읽으면서 바로 써먹는 어린이 한국사 퀴즈 2 ㅣ 맛있는 공부 45 ,"한날 (지은이), 전기현 (감수) ", 파란정원 , 2022년 3월,"12,000원 → 10,800원 (10%할인)"
320,비하인드 도어 ,"B. A. 패리스 (지은이), 이수영 (옮긴이) ", 모모 , 2021년 12월,"15,000원 → 13,500원 (10%할인)"
321,어떤 과학의 초전자포 16 ,"카마치 카즈마 (원작), 후유카와 모토이 (그림) ", 대원씨아이(만화) , 2022년 4월,"5,500원 → 4,950원 (10%할인)"
322,해커스 토익 LC 리스닝 LISTENING ㅣ 해커스 토익 기본서  ,David Cho (지은이) , 해커스어학연구소(Hackers) , 2020년 1월,"18,800원 → 16,920원 (10%할인)"
323,양순이네 떡집 ㅣ 난 책읽기가 좋아  ,"김리리 (지은이), 김이랑 (그림) ", 비룡소 , 2021년 8월,"11,000원 → 9,900원 (10%할인)"
324,우리는 언제나 다시 만나 ㅣ 스콜라 창작 그림책 7  ,"윤여림 (지은이), 안녕달 (그림) ", 위즈덤하우스 , 2017년 7월,"12,000원 → 10,800원 (10%할인)"
325,백만장자 시크릿 ,"하브 에커 (지은이), 나선숙 (옮긴이) ", 알에이치코리아(RHK) , 2020년 7월,"16,000원 → 14,400원 (10%할인)"
326,2022 해커스 GSAT 삼성직무적성검사 통합 기본서 최신기출유형 + 실전모의고사 (수리논리/추리) ,해커스 취업교육연구소 (지은이) , 챔프스터디 , 2022년 1월,"22,900원 → 20,610원 (10%할인)"
327,한 권으로 끝내는 해커스 토익 700+ (LC+RC+VOCA) ㅣ 해커스 신토익  ,해커스어학연구소 (지은이) , 해커스어학연구소(Hackers) , 2022년 1월,"19,800원 → 17,820원 (10%할인)"
328,루호 ㅣ 창비아동문고 323 ,"채은하 (지은이), 오승민 (그림) ", 창비 , 2022년 3월,"10,800원 → 9,720원 (10%할인)"
329,ETS 토익 정기시험 기출문제집 1000 Vol. 2 Listening (리스닝) ㅣ ETS 토익 정기시험 기출문제집  ,ETS (엮은이) , (주)YBM(와이비엠) , 2019년 12월,"17,800원 → 16,020원 (10%할인)"
330,해커스 토익 스타트 리딩 RC ㅣ 해커스 신토익  ,David Cho (지은이) , 해커스어학연구소(Hackers) , 2020년 1월,"14,900원 → 13,410원 (10%할인)"
331,오십에 읽는 논어 ,최종엽 (지은이) , 유노북스 , 2021년 11월,"16,000원 → 14,400원 (10%할인)"
332,흔한남매 과학 탐험대 1 : 우주 ㅣ 흔한남매 과학 탐험대 1 ,"흔한남매 (원작), 이재국, 이현진 (글), 김덕영 (그림), 흔한컴퍼니 (감수), 정현철, 김희목, 권경아, 최진수, 박준건 (기획) ", 주니어김영사 , 2021년 5월,"12,800원 → 11,520원 (10%할인)"
333,위풍당당 여우 꼬리 2 ㅣ 위풍당당 여우 꼬리 2 ,"손원평 (지은이), 만물상 (그림) ", 창비 , 2022년 2월,"12,000원 → 10,800원 (10%할인)"
334,세금의 세계사  ,"도미닉 프리스비 (지은이), 조용빈 (옮긴이) ", 한빛비즈 , 2022년 3월,"17,800원 → 16,020원 (10%할인)"
335,2022 민준호 독학 행정법 필기노트 ,민준호 (지은이) , 호인북스 , 2022년 4월,"22,000원 → 19,800원 (10%할인)"
336,"행복을 파는 브랜드, 오롤리데이 ",박신후 (지은이) , 블랙피쉬 , 2022년 4월,"17,000원 → 15,300원 (10%할인)"
337,미끄러지는 말들 ,백승주 (지은이) , 타인의사유 , 2022년 4월,"15,000원 → 13,500원 (10%할인)"
338,정의란 무엇인가 (특별 양장본) ,"마이클 샌델 (지은이), 김명철 (옮긴이), 김선욱 (감수) ", 와이즈베리 , 2014년 11월,"15,000원 → 13,500원 (10%할인)"
339,지적 대화를 위한 넓고 얕은 지식 1 ㅣ 지적 대화를 위한 넓고 얕은 지식 (개정판) 1 ,채사장 (지은이) , 웨일북 , 2020년 2월,"16,000원 → 14,400원 (10%할인)"
340,오래되고 멋진 클래식 레코드 ,"무라카미 하루키 (지은이), 홍은주 (옮긴이) ", 문학동네 , 2022년 3월,"25,000원 → 22,500원 (10%할인)"
341,고양이 해결사 깜냥 3 ㅣ 고양이 해결사 깜냥 3 ,"홍민정 (지은이), 김재희 (그림) ", 창비 , 2021년 6월,"11,000원 → 9,900원 (10%할인)"
342,롤랑의 노래  ,김준한 (옮긴이) , 휴머니스트 , 2022년 4월,"22,000원 → 19,800원 (10%할인)"
343,주술회전 18 ,"아쿠타미 게게 (지은이), 이정운 (옮긴이) ", 서울미디어코믹스(서울문화사) , 2022년 2월,"5,000원 → 4,500원 (10%할인)"
344,재와 물거품 ㅣ 안전가옥 쇼-트 8 ,김청귤 (지은이) , 안전가옥 , 2021년 5월,"10,000원 → 9,000원 (10%할인)"
345,탁월함의 발견 ,김민기 (지은이) , 프레너미 , 2022년 4월,"17,800원 → 16,020원 (10%할인)"
346,2022 고종훈 한국사 동형모의고사 시즌 2 ㅣ 2022 고종훈 한국사 동형모의고사  ,고종훈 (지은이) , 메가스터디교육(공무원) , 2022년 3월,"16,000원 → 14,400원 (10%할인)"
347,저택의 주인 ㅣ 잠뜰TV 오리지널 추리 스토리북 1 ,"시우시 (지은이), 잠뜰TV (원작), 루체 (그림) ", 서울문화사 , 2022년 4월,"12,000원 → 10,800원 (10%할인)"
348,권지수 교육학 문제집 논제쏙쏙 ,권지수 (지은이) , 박문각 , 2022년 5월,"28,000원 → 25,200원 (10%할인)"
349,아는 만큼 당첨되는 청약의 기술 ,정숙희 (지은이) , 길벗 , 2022년 5월,"19,000원 → 17,100원 (10%할인)"
350,주술회전 0 : 외전 ,"아쿠타미 게게 (지은이), 이정운 (옮긴이) ", 서울미디어코믹스(서울문화사) , 2019년 4월,"5,000원 → 4,500원 (10%할인)"
351,죽음의 수용소에서  ,"빅터 프랭클 (지은이), 이시형 (옮긴이) ", 청아출판사 , 2020년 5월,"9,800원 → 8,820원 (10%할인)"
352,2022 이동기 영어 기적의 특강 ,이동기 (지은이) , 에스티유니타스 , 2021년 12월,"15,000원 → 13,500원 (10%할인)"
353,도쿄 리벤저스 22 ,와쿠이 켄 (지은이) , 학산문화사(만화) , 2022년 2월,"5,000원 → 4,500원 (10%할인)"
354,원펀맨 One Punch Man 24 ,"ONE (지은이), 무라타 유스케 (그림) ", 대원씨아이(만화) , 2022년 2월,"5,500원 → 4,950원 (10%할인)"
355,JLPT 일본어능력시험 한권으로 끝내기 N3 ㅣ JLPT 일본어능력시험 한권으로 끝내기 (2021 최신 개정판)  ,"이치우, 기타지마 치즈코 (지은이) ", 다락원 , 2021년 10월,"27,000원 → 24,300원 (10%할인)"
356,이레의 마지막 24시간 ㅣ 별숲 동화 마을 39 ,"최은영 (지은이), 김주리 (그림) ", 별숲 , 2021년 10월,"12,000원 → 10,800원 (10%할인)"
357,지구의 모든 지식 ,"테리 덴톤 (지은이), 천미나 (옮긴이) ", 별숲 , 2022년 4월,"19,800원 → 17,820원 (10%할인)"
358,페인트 (반양장) ㅣ 창비청소년문학 89 ,이희영 (지은이) , 창비 , 2019년 4월,"12,000원 → 10,800원 (10%할인)"
359,채사장의 지대넓얕 1 : 권력의 탄생 ㅣ 생각을 넓혀 주는 어린이 교양 도서  ,"채사장, 마케마케 (지은이), 정용환 (그림) ", 돌핀북 , 2021년 9월,"14,000원 → 12,600원 (10%할인)"
360,얼굴만으론 좋아할 수 없어요 1 ,"안자이 카린 (지은이), 이소연 (옮긴이) ", 서울미디어코믹스(서울문화사) , 2022년 1월,"5,500원 → 4,950원 (10%할인)"
361,2022 최신판 위포트 공기업 NCS 직업기초능력평가+직무수행능력평가 통합 기본서 모듈형 + PSAT형 ,위포트 연구소 (지은이) , 위포트 , 2021년 12월,"23,800원 → 21,420원 (10%할인)"
362,체인소 맨 11 ,후지모토 타츠키 (지은이) , 학산문화사(만화) , 2022년 3월,"6,000원 → 5,400원 (10%할인)"
363,에듀윌 한국실용글쓰기 2주끝장 ,정문 (지은이) , 에듀윌 , 2022년 1월,"17,000원 → 15,300원 (10%할인)"
364,킹덤 Kingdom 63 ,하라 야스히사 (지은이) , 대원씨아이(만화) , 2022년 4월,"5,500원 → 4,950원 (10%할인)"
365,럭키 (10만부 기념 황금열쇠 양장 특별판) ,김도윤 (지은이) , 북로망스 , 2021년 8월,"16,000원 → 14,400원 (10%할인)"
366,흔한남매 과학 탐험대 3 : 인체 ㅣ 흔한남매 과학 탐험대 3 ,"흔한남매 (원작), 이재국, 이현진, 서지은 (글), 김덕영 (그림), 정현철, 김희목, 권경아, 최진수, 박준건 (기획) ", 주니어김영사 , 2021년 11월,"12,800원 → 11,520원 (10%할인)"
367,나는 당신이 행복했으면 좋겠습니다 ,박찬위 (지은이) , 하이스트 , 2021년 11월,"13,800원 → 12,420원 (10%할인)"
368,산딸기 크림봉봉 ㅣ 신나는 새싹 37  ,"에밀리 젠킨스 (지은이), 소피 블랙올 (그림), 길상효 (옮긴이) ", 씨드북(주) , 2016년 7월,"13,000원 → 11,700원 (10%할인)"
369,만추 여관 1 ,박영 (지은이) , 영컴(YOUNG COM) , 2022년 4월,"12,000원 → 10,800원 (10%할인)"
370,"아, 육아란 원래 이런 거구나! ","마이클렌 다우클레프 (지은이), 이정민 (옮긴이) ", 시프 , 2022년 4월,"19,800원 → 17,820원 (10%할인)"
371,2022 전효진 행정법총론 8421 문제집 ,전효진 (지은이) , 연승 , 2022년 4월,"16,500원 → 14,850원 (10%할인)"
372,생각이 크는 인문학 14 : 음식 ㅣ 생각이 크는 인문학 14 ,"김종덕 (지은이), 이진아 (그림) ", 을파소 , 2018년 1월,"10,000원 → 9,000원 (10%할인)"
373,당신에게 무슨 일이 있었나요 ,"브루스 D. 페리, 오프라 윈프리 (지은이), 정지인 (옮긴이) ", 부키 , 2022년 4월,"18,000원 → 16,200원 (10%할인)"
374,흔한남매 8 ㅣ 흔한남매 8 ,"흔한남매 (지은이), 백난도 (글), 유난희 (그림), 흔한컴퍼니 (감수) ", 미래엔아이세움 , 2021년 7월,"13,500원 → 12,150원 (10%할인)"
375,월급쟁이 부자로 은퇴하라 ,너나위 (지은이) , 알에이치코리아(RHK) , 2019년 5월,"18,000원 → 16,200원 (10%할인)"
376,위저드 베이커리 (양장) ㅣ 소설Y   ,구병모 (지은이) , 창비 , 2022년 3월,"14,000원 → 12,600원 (10%할인)"
377,포켓몬스터 썬&문 포켓몬 전국대도감 ,"가와시마 준지 (구성), Koji Hayashida (디자인) ", 대원키즈 , 2017년 10월,"9,500원 → 8,550원 (10%할인)"
378,마법소녀 은퇴합니다 ㅣ 소설Q   ,박서련 (지은이) , 창비 , 2022년 4월,"14,000원 → 12,600원 (10%할인)"
379,팀 켈러의 탈기독교시대 전도 ,"팀 켈러 (지은이), 장성우 (옮긴이) ", 두란노 , 2022년 4월,"9,000원 → 8,100원 (10%할인)"
380,튤립 호텔 ,김지안 (지은이) , 창비 , 2022년 4월,"15,000원 → 13,500원 (10%할인)"
381,구의 증명 ㅣ 은행나무 노벨라 7  ,최진영 (지은이) , 은행나무 , 2015년 3월,"8,000원 → 7,200원 (10%할인)"
382,체인소 맨 10 ,후지모토 타츠키 (지은이) , 학산문화사(만화) , 2022년 1월,"5,000원 → 4,500원 (10%할인)"
383,성공의 문을 여는 마스터키 ,"찰스 F. 해낼 (지은이), 김우열 (옮긴이) ", 샨티 , 2009년 5월,"15,000원 → 13,500원 (10%할인)"
384,우당탕탕 야옹이와 금빛 마법사 ㅣ 큰곰자리 64 ,"구도 노리코 (지은이), 윤수정 (옮긴이) ", 책읽는곰 , 2022년 3월,"12,000원 → 10,800원 (10%할인)"
385,어떻게 살아야 하는가 ,"이나모리 가즈오 (지은이), 김윤경 (옮긴이) ", 다산북스 , 2022년 3월,"17,000원 → 15,300원 (10%할인)"
386,100억 젊은 부자들이 온다 ,신희은 (지은이) , 길벗 , 2022년 4월,"17,000원 → 15,300원 (10%할인)"
387,문해력 교과서 : 초등 국어 1학년 ㅣ 문해력 교과서  ,"이도영, 이형래, 이천희, 전인숙, 권은주, 김희동, 박주현, 우철하, 이정우, 전준희 (지은이) ", 창비교육 , 2022년 4월,"12,000원 → 10,800원 (10%할인)"
388,2022 해커스 전산세무 2급 이론 + 실기 + 최신기출문제 12회분 ㅣ 해커스 전산회계/세무  ,이남호 (지은이) , 해커스금융 , 2022년 4월,"26,900원 → 24,210원 (10%할인)"
389,2022 최신판 에듀윌 공기업 부산교통공사+부산시 공공기관 통합채용 NCS + 전공 봉투모의고사 5 + 1회 ,에듀윌 취업연구소 (지은이) , 에듀윌 , 2022년 2월,"17,000원 → 15,300원 (10%할인)"
390,문해력을 키우는 엄마표 영어의 비밀 ,신혜진 (지은이) , 로그인 , 2022년 4월,"15,000원 → 13,500원 (10%할인)"
391,나미야 잡화점의 기적 ,"히가시노 게이고 (지은이), 양윤옥 (옮긴이) ", 현대문학 , 2012년 12월,"14,800원 → 13,320원 (10%할인)"
392,불량한 자전거 여행 ㅣ 창비아동문고 250 ,"김남중 (지은이), 허태준 (그림) ", 창비 , 2009년 7월,"10,800원 → 9,720원 (10%할인)"
393,모순 ,양귀자 (지은이) , 쓰다 , 2013년 4월,"13,000원 → 11,700원 (10%할인)"
394,파도야 놀자 ㅣ 비룡소의 그림동화 204 ,이수지 (지은이) , 비룡소 , 2009년 5월,"12,000원 → 10,800원 (10%할인)"
395,그리스 로마 신화 27 : 트로이아의 목마 ㅣ 만화로 읽는 초등 인문학  ,"박시연 (지은이), 최우빈 (그림), 김헌 (감수) ", 아울북 , 2022년 3월,"14,000원 → 12,600원 (10%할인)"
396,소설 보다 : 봄 2022 ㅣ 소설 보다   ,"김병운, 위수정, 이주혜 (지은이) ", 문학과지성사 , 2022년 3월,"3,500원 → 3,150원 (10%할인)"
397,유령의 마음으로  ,임선우 (지은이) , 민음사 , 2022년 3월,"13,000원 → 11,700원 (10%할인)"
398,읽기  ,"가야트리 차크라보르티 스피박 (지은이), 안준범 (옮긴이) ", 리시올 , 2022년 4월,"17,000원 → 15,300원 (10%할인)"
399,첫 문장의 힘 ㅣ 내 글이 작품이 되는 법  ,"샌드라 거스 (지은이), 지여울 (옮긴이) ", 윌북 , 2022년 4월,"14,800원 → 13,320원 (10%할인)"
400,두르안키 ,"미우라 켄타로 (지은이), 스튜디오 가가 (그림) ", 대원씨아이(만화) , 2022년 4월,"6,000원 → 5,400원 (10%할인)"
401,리딩지저스 3 삶이 변하는 예배: 탄식에서 찬양으로 ㅣ 리딩지저스 3 ,이안 M. 더귀드 (지은이) , 웨스트민스터프레스코리아 , 2022년 4월,"12,000원 → 10,800원 (10%할인)"
402,당신은 결국 무엇이든 해내는 사람 ,김상현 (지은이) , 필름(Feelm) , 2022년 4월,"15,000원 → 13,500원 (10%할인)"
403,헤르만 헤세의 책이라는 세계 ,"헤르만 헤세 (지은이), 김지선 (옮긴이) ", 뜨인돌 , 2022년 5월,"22,000원 → 19,800원 (10%할인)"
404,월간최신 취업에 강한 에듀윌 시사상식 2022.5 ,에듀윌 상식연구소 (지은이) , 에듀윌 , 2022년 4월,"10,000원 → 9,000원 (10%할인)"
405,사탕빛깔 패러독스 6 ,"나츠메 이사쿠 (지은이), 양여명 (옮긴이) ", 삼양출판사(만화) , 2022년 4월,"5,500원 → 4,950원 (10%할인)"
406,아주 작은 습관의 힘  ,"제임스 클리어 (지은이), 이한이 (옮긴이) ", 비즈니스북스 , 2019년 2월,"16,000원 → 14,400원 (10%할인)"
407,푸른 사자 와니니 3 ㅣ 창비아동문고 316 ,"이현 (지은이), 오윤화 (그림) ", 창비 , 2021년 2월,"10,800원 → 9,720원 (10%할인)"
408,좋은지 나쁜지 누가 아는가  ,류시화 (지은이) , 더숲 , 2019년 3월,"15,000원 → 13,500원 (10%할인)"
409,도쿄 리벤저스 21 ,와쿠이 켄 (지은이) , 학산문화사(만화) , 2022년 2월,"5,000원 → 4,500원 (10%할인)"
410,똥볶이 할멈 1 ㅣ 똥볶이 할멈 1 ,"강효미 (지은이), 김무연 (그림) ", 슈크림북 , 2021년 9월,"12,500원 → 11,250원 (10%할인)"
411,백귀야행 29  ,"이마 이치코 (지은이), 한나리 (옮긴이) ", 시공사(만화) , 2022년 3월,"5,000원 → 4,500원 (10%할인)"
412,월 500 임대료 받는 엄마의 상가 투자 시크릿 ,안선이 (지은이) , 원앤원북스 , 2022년 4월,"17,000원 → 15,300원 (10%할인)"
413,새 엄마가 데려온 딸이 전 여친이었다 5 ,"카미시로 쿄스케 (지은이), 타카야Ki (그림), 이승원 (옮긴이) ", 디앤씨미디어(주)(D&C미디어) , 2022년 5월,"7,800원 → 7,020원 (10%할인)"
414,자기해석학의 기원 ㅣ 미셸 푸코 미공개 선집 3 ,"미셸 푸코 (지은이), 오트르망, 심세광, 전혜리 (옮긴이) ", 동녘 , 2022년 4월,"15,000원 → 13,500원 (10%할인)"
415,한밤중 달빛 식당 ㅣ 난 책읽기가 좋아   ,"이분희 (지은이), 윤태규 (그림) ", 비룡소 , 2018년 3월,"11,000원 → 9,900원 (10%할인)"
416,푸른 사자 와니니 2 ㅣ 창비아동문고 305 ,"이현 (지은이), 오윤화 (그림) ", 창비 , 2019년 8월,"10,800원 → 9,720원 (10%할인)"
417,읽으면서 바로 써먹는 어린이 속담 ㅣ 맛있는 공부 17 ,한날 (지은이) , 파란정원 , 2017년 10월,"12,000원 → 10,800원 (10%할인)"
418,나는 장사의 신이다 ,은현장 (지은이) , 떠오름 , 2021년 12월,"16,800원 → 15,120원 (10%할인)"
419,사랑의 기술  ,"에리히 프롬 (지은이), 황문수 (옮긴이) ", 문예출판사 , 2019년 8월,"12,000원 → 10,800원 (10%할인)"
420,나를 알고 싶을 때 뇌과학을 공부합니다 ,"질 볼트 테일러 (지은이), 진영인 (옮긴이) ", 윌북 , 2022년 3월,"19,800원 → 17,820원 (10%할인)"
421,2022 시나공 정보처리기사 실기 ㅣ 2022 시나공 정보처리기사/기능사  ,"길벗 R&D, 강윤석, 김용갑, 김우경, 김정준 (지은이) ", 길벗 , 2022년 2월,"33,000원 → 29,700원 (10%할인)"
422,"바람이 분다, 살아야겠다 ㅣ EBS 인생문답  ","강신주, 지승호 (지은이) ", EBS BOOKS , 2022년 3월,"17,000원 → 15,300원 (10%할인)"
423,2022 단기 합격 해커스공기업 NCS 통합 기본서 직업기초능력평가 + 직무수행능력평가 ,"윤종혁, 김소원, 김태형, 복지훈, 최수지, 김동민, 해커스 취업교육연구소 (지은이) ", 해커스공기업 , 2022년 1월,"22,900원 → 20,610원 (10%할인)"
424,머니 체인저 ,문준희(절약왕 정약용) (지은이) , 마인드셋 , 2022년 4월,"16,000원 → 14,400원 (10%할인)"
425,용왕이 하는 일! 14 ,"시라토리 시로 (지은이), 시라비 (그림), 이승원 (옮긴이), 사이유키 (감수) ", 영상출판미디어(주) , 2022년 5월,"7,500원 → 6,750원 (10%할인)"
426,2022 최신판 렛유인 GSAT 삼성직무적성검사 FINAL 봉투모의고사 ,"정지성, 주영훈, 렛유인연구소 (지은이) ", 렛유인 , 2022년 3월,"16,000원 → 14,400원 (10%할인)"
427,2022 전한길 한국사능력검정시험 한능검 필기노트 (스프링) ,전한길 (지은이) , 전한길한국사 , 2022년 4월,"15,000원 → 13,500원 (10%할인)"
428,영국 주간지 스터디 : 테크 비즈니스 편 ,"영국 이코노미스트 (지은이), 정병선 (옮긴이) ", 길벗이지톡 , 2022년 3월,"22,000원 → 19,800원 (10%할인)"
429,다윈 지능  ,최재천 (지은이) , 사이언스북스 , 2012년 1월,"16,500원 → 14,850원 (10%할인)"
430,꿈꾸는 소리 하고 자빠졌네 ㅣ 창비시선 475  ,송경동 (지은이) , 창비 , 2022년 4월,"11,000원 → 9,900원 (10%할인)"
431,기묘함 속으로 ,"윤종문 (지은이), 총몇명 (원작), 샌드박스 네트워크 (감수) ", 미래엔아이세움 , 2022년 4월,"13,500원 → 12,150원 (10%할인)"
432,동물농장 ㅣ 민음사 세계문학전집 5 ,"조지 오웰 (지은이), 도정일 (옮긴이) ", 민음사 , 1998년 8월,"8,000원 → 7,200원 (10%할인)"
433,우리말 어감 사전 ㅣ 관점 있는 사전   ,안상순 (지은이) , 유유 , 2021년 5월,"17,000원 → 15,300원 (10%할인)"
434,종목 선정 나에게 물어봐 ,김정수 (지은이) , 하움출판사 , 2021년 11월,"26,000원 → 23,400원 (10%할인)"
435,삐뽀삐뽀 119 이유식 ㅣ 삐뽀삐뽀 시리즈  ,하정훈 (지은이) , 유니책방 , 2017년 12월,"18,900원 → 17,010원 (10%할인)"
436,나는 왜 무기력을 되풀이하는가  ,"에리히 프롬 (지은이), 라이너 풍크 (엮은이), 장혜경 (옮긴이) ", 나무생각 , 2016년 8월,"13,000원 → 11,700원 (10%할인)"
437,비전공자도 이해할 수 있는 AI 지식 ,"박상길 (지은이), 정진호 (그림) ", 반니 , 2022년 3월,"19,800원 → 17,820원 (10%할인)"
438,스마일  ,김중혁 (지은이) , 문학과지성사 , 2022년 4월,"14,000원 → 12,600원 (10%할인)"
439,김전일 37세의 사건부 11 ,"아마기 세이마루 (지은이), 사토 후미야 (그림) ", 서울미디어코믹스(서울문화사) , 2022년 5월,"5,500원 → 4,950원 (10%할인)"
440,유홍준의 한국미술사 강의 4 ㅣ 유홍준의 한국미술사 강의 4  ,유홍준 (지은이) , 눌와 , 2022년 4월,"30,000원 → 27,000원 (10%할인)"
441,전설로 떠나는 월가의 영웅 ,"피터 린치, 존 로스차일드 (지은이), 이건 (옮긴이), 홍진채 (감수) ", 국일증권경제연구소 , 2021년 7월,"26,000원 → 23,400원 (10%할인)"
442,흔한남매 과학 탐험대 2 : 지구와 달 ㅣ 흔한남매 과학 탐험대 2 ,"흔한남매 (원작), 이재국, 이현진 (글), 김덕영 (그림), 정현철 (감수), 김희목, 권경아, 최진수, 박준건 (기획) ", 주니어김영사 , 2021년 8월,"12,800원 → 11,520원 (10%할인)"
443,아티스트 웨이  ,"줄리아 카메론 (지은이), 임지호 (옮긴이) ", 경당 , 2012년 5월,"17,000원 → 15,300원 (10%할인)"
444,Go Go 카카오프렌즈 23 : 싱가포르 ㅣ Go Go 카카오프렌즈 23 ,"김미영 (지은이), 김정한 (그림) ", 아울북 , 2022년 2월,"12,000원 → 10,800원 (10%할인)"
445,전생했더니 슬라임이었던 건에 대하여 19 ,"후세 (지은이), 밋츠바 (그림), 도영명 (옮긴이) ", ㈜소미미디어 , 2022년 4월,"11,000원 → 9,900원 (10%할인)"
446,왕초보도 바로 돈 버는 부동산 경매의 기술 ,"정민우, 유근용 (지은이) ", 비즈니스북스 , 2021년 2월,"19,000원 → 17,100원 (10%할인)"
447,부의 인문학 (20만부 기념 개정증보판) ,우석(브라운스톤) (지은이) , 오픈마인드 , 2022년 3월,"17,000원 → 15,300원 (10%할인)"
448,돈의 맛 ,"요시에 마사루 (지은이), 이정환 (옮긴이) ", 포레스트북스 , 2022년 3월,"15,000원 → 13,500원 (10%할인)"
449,아이라는 숲 ,이진민 (지은이) , 웨일북 , 2022년 3월,"16,000원 → 14,400원 (10%할인)"
450,타마의 포상 1 ,호시야 카오리 (지은이) , 대원씨아이(만화) , 2022년 4월,"5,000원 → 4,500원 (10%할인)"
451,오늘도 자람 ,이자람 (지은이) , 창비 , 2022년 4월,"16,000원 → 14,400원 (10%할인)"
452,"땅, 돈, 힘 ",신환종 (지은이) , 포레스트북스 , 2022년 4월,"17,000원 → 15,300원 (10%할인)"
453,멈춰서서 가만히 ,정명희 (지은이) , 어크로스 , 2022년 4월,"16,000원 → 14,400원 (10%할인)"
454,하트스토퍼 1 ,"앨리스 오스먼 (지은이), 박산호 (옮긴이) ", 위즈덤하우스 , 2021년 7월,"12,000원 → 10,800원 (10%할인)"
455,"아빠, 나 이 결혼 안 할래요 1 ","Roal (지은이), 홍희수 (원작), 유리 (각색) ", 씨엔씨레볼루션 , 2022년 4월,"15,000원 → 13,500원 (10%할인)"
456,"아빠, 나 이 결혼 안 할래요 2 ","Roal (지은이), 홍희수 (원작), 유리 (각색) ", 씨엔씨레볼루션 , 2022년 4월,"15,000원 → 13,500원 (10%할인)"
457,데미안 ㅣ 민음사 세계문학전집 44  ,"헤르만 헤세 (지은이), 전영애 (옮긴이) ", 민음사 , 2000년 12월,"8,000원 → 7,200원 (10%할인)"
458,해커스 토익 스타트 리스닝 LC ㅣ 해커스 신토익  ,David Cho (지은이) , 해커스어학연구소(Hackers) , 2020년 1월,"14,900원 → 13,410원 (10%할인)"
459,귀멸의 칼날 23 ,고토게 코요하루 (지은이) , 학산문화사(만화) , 2021년 4월,"5,000원 → 4,500원 (10%할인)"
460,ETS 토익 단기 공략 750+ (LC + RC) ㅣ ETS 토익 단기 공략  ,ETS (지은이) , (주)YBM(와이비엠) , 2020년 8월,"18,000원 → 16,200원 (10%할인)"
461,전념 ,"피트 데이비스 (지은이), 신유희 (옮긴이) ", 상상스퀘어 , 2022년 1월,"17,800원 → 16,020원 (10%할인)"
462,수박 수영장 ㅣ 수박 수영장   ,안녕달 (지은이) , 창비 , 2015년 7월,"12,000원 → 10,800원 (10%할인)"
463,이파라파냐무냐무 ㅣ 사계절 그림책   ,이지은 (지은이) , 사계절 , 2020년 6월,"15,000원 → 13,500원 (10%할인)"
464,명상록 (그리스어 원전 완역본) ㅣ 현대지성 클래식 18 ,"마르쿠스 아우렐리우스 (지은이), 박문재 (옮긴이) ", 현대지성 , 2018년 4월,"11,200원 → 10,080원 (10%할인)"
465,영어 필사 100일의 기적 ,퍼포먼스 코치 리아 (지은이) , 넥서스 , 2021년 11월,"15,000원 → 13,500원 (10%할인)"
466,위풍당당 여우 꼬리 1 ㅣ 위풍당당 여우 꼬리 1 ,"손원평 (지은이), 만물상 (그림) ", 창비 , 2021년 10월,"12,000원 → 10,800원 (10%할인)"
467,세계 심리학 필독서 30 ㅣ 필독서 시리즈 1 ,"사토 다쓰야 (지은이), 박재영 (옮긴이) ", 센시오 , 2022년 3월,"17,800원 → 16,020원 (10%할인)"
468,용서받지 못한 밤 ,"미치오 슈스케 (지은이), 김은모 (옮긴이) ", 놀 , 2022년 3월,"15,800원 → 14,220원 (10%할인)"
469,2022 산업안전기사 실기[필답형+작업형] + 무료동영상 ,최윤정 (지은이) , 구민사 , 2022년 2월,"39,000원 → 35,100원 (10%할인)"
470,계속 쓰기  ,"대니 샤피로 (지은이), 한유주 (옮긴이) ", 마티 , 2022년 3월,"18,000원 → 16,200원 (10%할인)"
471,2022 이유진 국어 화제의 모의고사 (봉투형) ,"이유진, 최형우 (지은이) ", 고시동네 , 2022년 4월,"13,000원 → 11,700원 (10%할인)"
472,2022 해커스공무원 실전동형모의고사 영어 2 12회 (9급공무원) ㅣ 2022 해커스 공무원 실전동형모의고사  ,해커스 공무원시험연구소 (지은이) , 해커스공무원 , 2022년 4월,"17,000원 → 15,300원 (10%할인)"
473,"거짓말 손수건, 포포피포 ㅣ 철학하는 아이 8 ","디디에 레비 (지은이), 장 바티스트 부르주아 (그림), 김주경 (옮긴이), 이보연 ", 이마주 , 2017년 5월,"9,500원 → 8,550원 (10%할인)"
474,티어문 제국 이야기 8 ,"모치츠키 노조무 (지은이), Gilse (그림), 현노을 (옮긴이) ", ㈜소미미디어 , 2022년 5월,"10,500원 → 9,450원 (10%할인)"
475,문해력 교과서 : 초등 국어 4학년 ㅣ 문해력 교과서  ,"이도영, 이형래, 이천희, 전인숙, 권은주, 김희동, 박주현, 우철하, 이정우, 전준희 (지은이) ", 창비교육 , 2022년 4월,"12,000원 → 10,800원 (10%할인)"
476,솥밥보다 쉬운 후라이팬밥  ,김희종 (지은이) , 맛있는책방 , 2022년 4월,"22,000원 → 19,800원 (10%할인)"
477,2022 투자자산운용사 한권으로 끝내기 ver 7.0 ,유창호 (지은이) , 시대고시기획 , 2022년 4월,"34,000원 → 30,600원 (10%할인)"
478,"혐오 : 재밌어서 한 말, 뭐가 어때서? ㅣ 질문하는 어린이 2 ","소이언 (지은이), 권송이 (그림) ", 우리학교 , 2019년 11월,"13,000원 → 11,700원 (10%할인)"
479,나의 미누 삼촌 ㅣ 귀를 기울이면  ,"이란주 (지은이), 전진경 (그림) ", 우리학교 , 2019년 6월,"12,000원 → 10,800원 (10%할인)"
480,2022.2023 큰별쌤 최태성의 별★별한국사 7일의 기적 한국사능력검정시험 심화(1.2.3급) ㅣ 큰별쌤 최태성의 별★별한국사 한국사능력검정시험 시리즈  ,최태성 (지은이) , 이투스북 , 2022년 4월,"15,500원 → 13,950원 (10%할인)"
481,2022 민경애 공중보건 수탁형 민뽀전략 실전동형 모의고사 ,"민경애, 김철규 (지은이) ", 스쿠리지 , 2022년 5월,"18,000원 → 16,200원 (10%할인)"
482,컬러의 시간  ,"제임스 폭스 (지은이), 강경이 (옮긴이) ", 윌북 , 2022년 4월,"18,800원 → 16,920원 (10%할인)"
483,마슐 MASHLE 7 ,코모토 하지메 (지은이) , 대원씨아이(만화) , 2022년 4월,"5,500원 → 4,950원 (10%할인)"
484,공부의 알고리즘 ,"호시 도모히로 (지은이), 홍성민 (옮긴이) ", 알에이치코리아(RHK) , 2022년 5월,"15,000원 → 13,500원 (10%할인)"
485,오빠는 끝! 3 ,"네코토후 (지은이), 김정규 (옮긴이) ", 길찾기 , 2022년 5월,"7,000원 → 6,300원 (10%할인)"
486,오빠는 끝! 2 ,"네코토후 (지은이), 김정규 (옮긴이) ", 길찾기 , 2022년 5월,"7,000원 → 6,300원 (10%할인)"
487,거꾸로 읽는 세계사 ,유시민 (지은이) , 돌베개 , 2021년 10월,"17,500원 → 15,750원 (10%할인)"
488,1984 ㅣ 민음사 세계문학전집 77 ,"조지 오웰 (지은이), 정회성 (옮긴이) ", 민음사 , 2003년 6월,"9,500원 → 8,550원 (10%할인)"
489,연이와 버들 도령 ㅣ 그림책이 참 좋아 84  ,백희나 (지은이) , 책읽는곰 , 2022년 1월,"18,000원 → 16,200원 (10%할인)"
490,키르케 (리커버 특별판) ,"매들린 밀러 (지은이), 이은선 (옮긴이) ", 이봄 , 2021년 4월,"17,000원 → 15,300원 (10%할인)"
491,주술회전 9 ,"아쿠타미 게게 (지은이), 이정운 (옮긴이) ", 서울미디어코믹스(서울문화사) , 2020년 11월,"5,000원 → 4,500원 (10%할인)"
492,프로젝트 헤일메리 ㅣ 앤디 위어 우주 3부작  ,"앤디 위어 (지은이), 강동혁 (옮긴이) ", 알에이치코리아(RHK) , 2021년 5월,"18,500원 → 16,650원 (10%할인)"
493,얼굴만으론 좋아할 수 없어요 2 ,"안자이 카린 (지은이), 이소연 (옮긴이) ", 서울미디어코믹스(서울문화사) , 2022년 2월,"5,500원 → 4,950원 (10%할인)"
494,2022 고종훈 한국사 동형모의고사 시즌 1 ㅣ 2022 고종훈 한국사 동형모의고사  ,고종훈 (지은이) , 메가스터디교육(공무원) , 2022년 2월,"16,000원 → 14,400원 (10%할인)"
495,나는 나로 살기로 했다 ,김수현 (지은이) , 클레이하우스 , 2022년 2월,"16,000원 → 14,400원 (10%할인)"
496,먹다 듣다 걷다 ,이어령 (지은이) , 두란노 , 2022년 3월,"12,000원 → 10,800원 (10%할인)"
497,채식주의자  ,한강 (지은이) , 창비 , 2022년 3월,"15,000원 → 13,500원 (10%할인)"
498,수상한 놀이터 ㅣ 북멘토 가치동화 47 ,"박현숙 (지은이), 장서영 (그림) ", 북멘토(도서출판) , 2022년 4월,"11,500원 → 10,350원 (10%할인)"
499,읽으면 수학천재가 되는 만화책 : 초등 A ㅣ 읽으면 수학천재가 되는 만화책  ,Team. StoryG (지은이) , oldstairs(올드스테어즈) , 2022년 3월,"14,000원 → 12,600원 (10%할인)"
500,그래서... 이런 말이 생겼습니다 ,금정연 (지은이) , 북트리거 , 2022년 4월,"13,800원 → 12,420원 (10%할인)"
